coverage_id,page_seq,html,page_name,page_sha256,dom_or_action_id,ui_action_or_data_block,interaction_kind,operation_kind,contract_operation_id,coverage_status,current_route_ids,current_path,canonical_path_candidate,http_method,request_fields,response_fields,actor_scope,store_scope,resource_scope,authoritative_object,write_safety,seven_state_mapping,target_batch,evidence_file_line,notes
COV-001,01,home.html,数字店长首页,e6296a03717fa3359ae506e7da78fd94ffbc385cb70df70aaacb08c773c53951,action:home_overview_block,今日经营判断卡,DATA_BLOCK,READ,OP-HOME-OVERVIEW,PROPOSED_ORCHESTRATION,NONE,NONE,/api/v1/orchestration/home-overview,GET,NONE,data.judgement.headline:str:req;data.judgement.evidence:list[str]:req;data.judgement.degraded:bool:req,staff_session,session_binding,store_owned_resources,Task+DailyReview+derived,NONE_read,EMPTY=200_data_null_or_zero_when_no_data_yet;401=SESSION_INVALID_relogin;403=distinct_three_way;503=DEPENDENCY_UNAVAILABLE_manual_retry_reads_only_no_auto_write_replay;OFFLINE=client_no_write_autoreplay;UNKNOWN=trace_id_short_ref;LOADING=client,W6,home.html#action:home_overview_block,page_has_no_granular_ids(main-content_only);rule_explainable
COV-002,01,home.html,数字店长首页,e6296a03717fa3359ae506e7da78fd94ffbc385cb70df70aaacb08c773c53951,action:home_today_tasks,今日任务摘要块,DATA_BLOCK,READ,OP-DLTASK-LIST,CANDIDATE_CODE_ONLY_SAFE_AFTER_MERGE,r004,/api/daily-loop/v1/tasks,/api/daily-loop/v1/tasks,GET,NONE,data.items:list[object]:req;data.items[].task_id:str:req;data.items[].status:str:req;data.items[].priority:int:req,staff_session,session_binding,store_owned_resources,Task+Appointment,NONE_read,EMPTY=200_items_empty;401=SESSION_INVALID_relogin;403=STORE_UNBOUND|ROLE_FORBIDDEN|RESOURCE_FORBIDDEN_distinct;503=DEPENDENCY_UNAVAILABLE_manual_retry_reads_only_no_auto_write_replay;OFFLINE=client_no_write_autoreplay;UNKNOWN=trace_id_short_ref;LOADING=client,W3,home.html#action:home_today_tasks;R3A:r004,CANDIDATE_CODE_ONLY_until_merge
COV-003,01,home.html,数字店长首页,e6296a03717fa3359ae506e7da78fd94ffbc385cb70df70aaacb08c773c53951,action:home_appointments,今日预约摘要块,DATA_BLOCK,READ,OP-DLAPPT-LIST,CANDIDATE_CODE_ONLY_SAFE_AFTER_MERGE,r005,/api/daily-loop/v1/appointments,/api/daily-loop/v1/appointments,GET,NONE,data.items:list[object]:req;data.items[].appointment_id:str:req;data.items[].scheduled_time:str:opt;data.items[].status:str:req,staff_session,session_binding,store_owned_resources,Task+Appointment,NONE_read,EMPTY=200_items_empty;401=SESSION_INVALID_relogin;403=STORE_UNBOUND|ROLE_FORBIDDEN|RESOURCE_FORBIDDEN_distinct;503=DEPENDENCY_UNAVAILABLE_manual_retry_reads_only_no_auto_write_replay;OFFLINE=client_no_write_autoreplay;UNKNOWN=trace_id_short_ref;LOADING=client,W3,home.html#action:home_appointments;R3A:r005,NONE
COV-004,01,home.html,数字店长首页,e6296a03717fa3359ae506e7da78fd94ffbc385cb70df70aaacb08c773c53951,action:home_risk_summary,风险提醒块,DATA_BLOCK,READ,OP-RISK-BOARD,PROPOSED_ORCHESTRATION,NONE,NONE,/api/v1/orchestration/risk-board,GET,NONE,data.items:list[object]:req;data.items[].level:str:req;data.items[].risk_type:str:req,staff_session,session_binding,store_owned_resources,Task+DailyReview+derived,NONE_read,EMPTY=200_items_empty;401=SESSION_INVALID_relogin;403=STORE_UNBOUND|ROLE_FORBIDDEN|RESOURCE_FORBIDDEN_distinct;503=DEPENDENCY_UNAVAILABLE_manual_retry_reads_only_no_auto_write_replay;OFFLINE=client_no_write_autoreplay;UNKNOWN=trace_id_short_ref;LOADING=client,W6,home.html#action:home_risk_summary,NONE
COV-005,01,home.html,数字店长首页,e6296a03717fa3359ae506e7da78fd94ffbc385cb70df70aaacb08c773c53951,action:bottom_nav,底部导航,NAVIGATION,UI_ONLY,NONE,NOT_REQUIRED,NONE,NONE,NONE,NONE,NONE,NONE,NONE,NONE,NONE,NONE,NONE_read,NONE,W2,home.html#action:bottom_nav,pure_route_switch_no_api
COV-006,02,customer_list.html,顾客经营列表,d01ecb6b0484b95fc951e7363cb8bf801aea5ce5e36e344fce4c714b2b1dbbe9,searchInput,顾客搜索,SEARCH,READ,OP-CUST-LIST,EXISTING_NEEDS_FACADE,r033,/api/store-manager/customers,/api/v1/customers,GET,keyword:str:opt:query,data.items:list[object]:req;data.items[].customer_id:str:req;data.items[].name:str:req;data.items[].rfm_label:str:opt,staff_session,session_binding,store_owned_resources,Customer+Project+Demand+HomeProduct+CustomerGroup+ConsumptionRecord,NONE_read,EMPTY=200_items_empty;401=SESSION_INVALID_relogin;403=STORE_UNBOUND|ROLE_FORBIDDEN|RESOURCE_FORBIDDEN_distinct;503=DEPENDENCY_UNAVAILABLE_manual_retry_reads_only_no_auto_write_replay;OFFLINE=client_no_write_autoreplay;UNKNOWN=trace_id_short_ref;LOADING=client,W4,customer_list.html#searchInput;R3A:r033,phone_not_search_key_in_UI;server_masks_phone
COV-007,02,customer_list.html,顾客经营列表,d01ecb6b0484b95fc951e7363cb8bf801aea5ce5e36e344fce4c714b2b1dbbe9,customerList,顾客列表,DATA_BLOCK,READ,OP-CUST-LIST,EXISTING_NEEDS_FACADE,r033,/api/store-manager/customers,/api/v1/customers,GET,page_cursor:str:opt:query,data.items:list[object]:req;data.items[].customer_id:str:req;data.items[].name:str:req;data.items[].status:str:opt;data.next_cursor:str:opt;data.has_more:bool:req,staff_session,session_binding,store_owned_resources,Customer+Project+Demand+HomeProduct+CustomerGroup+ConsumptionRecord,NONE_read,EMPTY=200_items_empty;401=SESSION_INVALID_relogin;403=STORE_UNBOUND|ROLE_FORBIDDEN|RESOURCE_FORBIDDEN_distinct;503=DEPENDENCY_UNAVAILABLE_manual_retry_reads_only_no_auto_write_replay;OFFLINE=client_no_write_autoreplay;UNKNOWN=trace_id_short_ref;LOADING=client,W4,customer_list.html#customerList;R3A:r033,navigate_by_customer_id_not_name(notes_rule9)
COV-008,02,customer_list.html,顾客经营列表,d01ecb6b0484b95fc951e7363cb8bf801aea5ce5e36e344fce4c714b2b1dbbe9,draftList,建档草稿列表,DATA_BLOCK,UI_ONLY,NONE,NOT_REQUIRED,NONE,NONE,NONE,NONE,NONE,NONE,NONE,NONE,NONE,NONE,NONE_read,NONE,W2,customer_list.html#draftList,local_draft_cache_allowed_non_authoritative(§4.7)
COV-009,03,tasks.html,今日执行,5a391c2b29bba57b89251b182b09b8f44f27c8935065a41e4408ee7dd7d0defc,taskList,今日任务列表,DATA_BLOCK,READ,OP-DLTASK-LIST,CANDIDATE_CODE_ONLY_SAFE_AFTER_MERGE,r004,/api/daily-loop/v1/tasks,/api/daily-loop/v1/tasks,GET,date:str:req:query,data.items:list[object]:req;data.items[].task_id:str:req;data.items[].status:str:req;data.items[].priority:int:req;data.items[].customer_id:str:req,staff_session,session_binding,store_owned_resources,Task+Appointment,NONE_read,EMPTY=200_items_empty;401=SESSION_INVALID_relogin;403=STORE_UNBOUND|ROLE_FORBIDDEN|RESOURCE_FORBIDDEN_distinct;503=DEPENDENCY_UNAVAILABLE_manual_retry_reads_only_no_auto_write_replay;OFFLINE=client_no_write_autoreplay;UNKNOWN=trace_id_short_ref;LOADING=client,W3,tasks.html#taskList;R3A:r004,DR-09_page_uses_daily_loop_tasks
COV-010,03,tasks.html,今日执行,5a391c2b29bba57b89251b182b09b8f44f27c8935065a41e4408ee7dd7d0defc,tab-全部,状态筛选Tab组,FILTER,READ,OP-DLTASK-LIST,CANDIDATE_CODE_ONLY_SAFE_AFTER_MERGE,r004,/api/daily-loop/v1/tasks,/api/daily-loop/v1/tasks,GET,status:str:opt:query,NONE,staff_session,session_binding,store_owned_resources,Task+Appointment,NONE_read,EMPTY=200_items_empty;401=SESSION_INVALID_relogin;403=STORE_UNBOUND|ROLE_FORBIDDEN|RESOURCE_FORBIDDEN_distinct;503=DEPENDENCY_UNAVAILABLE_manual_retry_reads_only_no_auto_write_replay;OFFLINE=client_no_write_autoreplay;UNKNOWN=trace_id_short_ref;LOADING=client,W3,tasks.html#tab-全部;R3A:r004,client_side_or_query_filter_same_op
COV-011,03,tasks.html,今日执行,5a391c2b29bba57b89251b182b09b8f44f27c8935065a41e4408ee7dd7d0defc,ownerFilter,按执行人筛选,FILTER,READ,OP-DLTASK-LIST,CANDIDATE_CODE_ONLY_SAFE_AFTER_MERGE,r004,/api/daily-loop/v1/tasks,/api/daily-loop/v1/tasks,GET,assigned_member_id:str:opt:query,NONE,staff_session,session_binding,store_owned_resources,Task+Appointment,NONE_read,EMPTY=200_items_empty;401=SESSION_INVALID_relogin;403=STORE_UNBOUND|ROLE_FORBIDDEN|RESOURCE_FORBIDDEN_distinct;503=DEPENDENCY_UNAVAILABLE_manual_retry_reads_only_no_auto_write_replay;OFFLINE=client_no_write_autoreplay;UNKNOWN=trace_id_short_ref;LOADING=client,W3,tasks.html#ownerFilter;R3A:r004,staff_role_sees_own_only_by_contract
COV-012,03,tasks.html,今日执行,5a391c2b29bba57b89251b182b09b8f44f27c8935065a41e4408ee7dd7d0defc,action:task_card_open,任务卡点击进详情,NAVIGATION,READ,OP-TASK-DETAIL,PROPOSED_NEW_FACADE,NONE,NONE,/api/v1/tasks/{task_id},GET,NONE,data.task_id:str:req;data.status:str:req,staff_session,session_binding,store_owned_resources,Task+Appointment,NONE_read,EMPTY=NOT_APPLICABLE_404_RESOURCE_NOT_FOUND_for_missing;401=SESSION_INVALID_relogin;403=distinct_three_way;503=DEPENDENCY_UNAVAILABLE_manual_retry_reads_only_no_auto_write_replay;OFFLINE=client_no_write_autoreplay;UNKNOWN=trace_id_short_ref;LOADING=client,W4,tasks.html#action:task_card_open,navigates_with_task_id
COV-013,04,content.html,内容工作台,4fe27bb3f1142def1674aca88a4bfc548c19c36bf7b83e1fe7a1d59235683580,contentList,内容列表,DATA_BLOCK,READ,OP-CONTENT-LIST,PROPOSED_NEW_DOMAIN,NONE,NONE,/api/v1/contents,GET,NONE,data.items:list[object]:req;data.items[].content_id:str:req;data.items[].title:str:req;data.items[].status:str:req,staff_session,session_binding,store_owned_resources,Content+ContentVersion,NONE_read,EMPTY=200_items_empty;401=SESSION_INVALID_relogin;403=STORE_UNBOUND|ROLE_FORBIDDEN|RESOURCE_FORBIDDEN_distinct;503=DEPENDENCY_UNAVAILABLE_manual_retry_reads_only_no_auto_write_replay;OFFLINE=client_no_write_autoreplay;UNKNOWN=trace_id_short_ref;LOADING=client,W5,content.html#contentList,replaces_in_memory
COV-014,04,content.html,内容工作台,4fe27bb3f1142def1674aca88a4bfc548c19c36bf7b83e1fe7a1d59235683580,statusFilters,状态/场景筛选,FILTER,READ,OP-CONTENT-LIST,PROPOSED_NEW_DOMAIN,NONE,NONE,/api/v1/contents,GET,status:str:opt:query;scene:str:opt:query,NONE,staff_session,session_binding,store_owned_resources,Content+ContentVersion,NONE_read,EMPTY=200_items_empty;401=SESSION_INVALID_relogin;403=STORE_UNBOUND|ROLE_FORBIDDEN|RESOURCE_FORBIDDEN_distinct;503=DEPENDENCY_UNAVAILABLE_manual_retry_reads_only_no_auto_write_replay;OFFLINE=client_no_write_autoreplay;UNKNOWN=trace_id_short_ref;LOADING=client,W5,content.html#statusFilters,NONE
COV-015,04,content.html,内容工作台,4fe27bb3f1142def1674aca88a4bfc548c19c36bf7b83e1fe7a1d59235683580,searchInput,内容搜索,SEARCH,READ,OP-CONTENT-LIST,PROPOSED_NEW_DOMAIN,NONE,NONE,/api/v1/contents,GET,keyword:str:opt:query,NONE,staff_session,session_binding,store_owned_resources,Content+ContentVersion,NONE_read,EMPTY=200_items_empty;401=SESSION_INVALID_relogin;403=STORE_UNBOUND|ROLE_FORBIDDEN|RESOURCE_FORBIDDEN_distinct;503=DEPENDENCY_UNAVAILABLE_manual_retry_reads_only_no_auto_write_replay;OFFLINE=client_no_write_autoreplay;UNKNOWN=trace_id_short_ref;LOADING=client,W5,content.html#searchInput,NONE
COV-016,05,profile.html,我的,be8b14203cefda7fa162b06c31bb0cfa29382b0ba690d9fd137f59d3f1c5b242,action:me_block,我的身份/门店/角色块,DATA_BLOCK,READ,OP-AUTH-ME,CANDIDATE_CODE_ONLY_SAFE_AFTER_MERGE,r003,/api/auth/me,/api/auth/me,GET,NONE,data.bound:bool:req;data.role:str:opt;data.store_id:str:opt,staff_session,session_binding,store_owned_resources,AppUser+AuthSession+StoreMemberBinding,NONE_read,EMPTY=200_data_null_or_zero_when_no_data_yet;401=SESSION_INVALID_relogin;403=distinct_three_way;503=DEPENDENCY_UNAVAILABLE_manual_retry_reads_only_no_auto_write_replay;OFFLINE=client_no_write_autoreplay;UNKNOWN=trace_id_short_ref;LOADING=client,W3,profile.html#action:me_block;R3A:r003,CANDIDATE_CODE_ONLY
COV-017,05,profile.html,我的,be8b14203cefda7fa162b06c31bb0cfa29382b0ba690d9fd137f59d3f1c5b242,logout-modal,退出登录确认,CONFIRM,WRITE,OP-AUTH-LOGOUT,CANDIDATE_CODE_ONLY_SAFE_AFTER_MERGE,r002,/api/auth/logout,/api/auth/logout,POST,NONE,data:null:req,staff_session,session_binding,store_owned_resources,AppUser+AuthSession+StoreMemberBinding,no_idempotency_key;repeat_revoke_same_session_returns_success || idempotent_revoke;no_If-Match || session_revoked_event;actor_store_resolved_from_current_session,EMPTY=NOT_APPLICABLE_paired_read_defines_empty;401=SESSION_INVALID_relogin;403=distinct_three_way;503=DEPENDENCY_UNAVAILABLE_manual_retry_reads_only_no_auto_write_replay;OFFLINE=client_no_write_autoreplay;UNKNOWN=trace_id_short_ref;LOADING=client,W3,profile.html#logout-modal;R3A:r002,idempotent
COV-018,05,profile.html,我的,be8b14203cefda7fa162b06c31bb0cfa29382b0ba690d9fd137f59d3f1c5b242,action:store_info_block,门店信息块,DATA_BLOCK,READ,OP-STORE-PROFILE-GET,PROPOSED_NEW_DOMAIN,NONE,NONE,/api/v1/store/profile,GET,NONE,data.store_name:str:req;data.store_type:str:opt,staff_session,session_binding,store_owned_resources,Store+Employee,NONE_read,EMPTY=200_data_null_or_zero_when_no_data_yet;401=SESSION_INVALID_relogin;403=distinct_three_way;503=DEPENDENCY_UNAVAILABLE_manual_retry_reads_only_no_auto_write_replay;OFFLINE=client_no_write_autoreplay;UNKNOWN=trace_id_short_ref;LOADING=client,W5,profile.html#action:store_info_block,W5
COV-019,06,diagnosis.html,经营诊断中心,0d973b56d13733e60f0fe340f792f68c2ec439819b2b7dd930c6b22be59f1803,action:diag_entries,诊断入口卡组,NAVIGATION,UI_ONLY,NONE,NOT_REQUIRED,NONE,NONE,NONE,NONE,NONE,NONE,NONE,NONE,NONE,NONE,NONE_read,NONE,W2,diagnosis.html#action:diag_entries,pure_navigation_to_07_08_09
COV-020,06,diagnosis.html,经营诊断中心,0d973b56d13733e60f0fe340f792f68c2ec439819b2b7dd930c6b22be59f1803,action:diag_history,历史报告列表,DATA_BLOCK,READ,OP-REPORT-LIST,PROPOSED_NEW_FACADE,NONE,NONE,/api/v1/reports,GET,NONE,data.items:list[object]:req;data.items[].report_id:str:req;data.items[].report_type:str:req;data.items[].created_at:str:req,staff_session,session_binding,store_owned_resources,Diagnosis+MonthlyCheckup+Report,NONE_read,EMPTY=200_items_empty;401=SESSION_INVALID_relogin;403=STORE_UNBOUND|ROLE_FORBIDDEN|RESOURCE_FORBIDDEN_distinct;503=DEPENDENCY_UNAVAILABLE_manual_retry_reads_only_no_auto_write_replay;OFFLINE=client_no_write_autoreplay;UNKNOWN=trace_id_short_ref;LOADING=client,W4,diagnosis.html#action:diag_history,page_has_no_ids
COV-021,07,first_diagnosis.html,首次经营诊断,88b6060633844df6f7dc99d2cdb1a0bd4ee6c2ce26f4dbada46d7fc811be15b3,form-1,首诊分模块表单,FORM_SUBMIT,WRITE,OP-FIRSTDIAG-SUBMIT,EXISTING_NEEDS_FACADE,r015,/api/diagnoses,/api/v1/diagnosis/first,POST,form_data:object[additional_properties:any]:req:body,data.diagnosis_id:str:req;data.total_score:int:req;data.report_id:str:req,staff_session,session_binding,store_owned_resources,Diagnosis+MonthlyCheckup+Report,Idempotency-Key:req;window=24h;replay_returns_original;409=IDEMPOTENCY_CONFLICT;business_unique_keys_enforced || no_If-Match_by_default;parent_resource_version_checked_only_if_projection_updated || actor_user_id+operator_employee_id+store_id+resource+action+result+trace_id;single_txn;compensating_events_for_external_effects,EMPTY=NOT_APPLICABLE_paired_read_defines_empty;401=SESSION_INVALID_relogin;403=distinct_three_way;503=DEPENDENCY_UNAVAILABLE_manual_retry_reads_only_no_auto_write_replay;OFFLINE=client_no_write_autoreplay;UNKNOWN=trace_id_short_ref;LOADING=client,W4,first_diagnosis.html#form-1;R3A:r015,session_auth_replaces_public_POST;draft_localStorage_UI_cache_only
COV-022,07,first_diagnosis.html,首次经营诊断,88b6060633844df6f7dc99d2cdb1a0bd4ee6c2ce26f4dbada46d7fc811be15b3,progress-bar,填写进度条,DATA_BLOCK,UI_ONLY,NONE,NOT_REQUIRED,NONE,NONE,NONE,NONE,NONE,NONE,NONE,NONE,NONE,NONE,NONE_read,NONE,W2,first_diagnosis.html#progress-bar,client_computed
COV-023,08,weekly_diagnosis.html,周经营诊断,df77afc922e6c2022925bbaf08d35140e5093b2abde2e04d88c5ccc8f3b78a0d,action:weekly_summary,周聚合结论块,DATA_BLOCK,READ,OP-WEEKLY-DIAG-GET,PROPOSED_ORCHESTRATION,NONE,NONE,/api/v1/diagnosis/weekly,GET,week_of:str:req:query,data.conclusions:list[object]:req;data.conclusions[].issue:str:req;data.conclusions[].evidence:str:req,staff_session,session_binding,store_owned_resources,Task+DailyReview+derived,NONE_read,EMPTY=200_data_null_or_zero_when_no_data_yet;401=SESSION_INVALID_relogin;403=distinct_three_way;503=DEPENDENCY_UNAVAILABLE_manual_retry_reads_only_no_auto_write_replay;OFFLINE=client_no_write_autoreplay;UNKNOWN=trace_id_short_ref;LOADING=client,W6,weekly_diagnosis.html#action:weekly_summary,page_has_no_ids;W0_MISSING
COV-024,08,weekly_diagnosis.html,周经营诊断,df77afc922e6c2022925bbaf08d35140e5093b2abde2e04d88c5ccc8f3b78a0d,action:weekly_drilldown,结论下钻到任务,NAVIGATION,READ,OP-WEEKLY-DIAG-GET,PROPOSED_ORCHESTRATION,NONE,NONE,/api/v1/diagnosis/weekly,GET,NONE,data.drilldown_task_ids:list[str]:req,staff_session,session_binding,store_owned_resources,Task+DailyReview+derived,NONE_read,EMPTY=200_data_null_or_zero_when_no_data_yet;401=SESSION_INVALID_relogin;403=distinct_three_way;503=DEPENDENCY_UNAVAILABLE_manual_retry_reads_only_no_auto_write_replay;OFFLINE=client_no_write_autoreplay;UNKNOWN=trace_id_short_ref;LOADING=client,W6,weekly_diagnosis.html#action:weekly_drilldown,NONE
COV-025,09,monthly_diagnosis.html,月度经营体检,6177f3b553b71e07e295d1c31b227b8c863c6c6d47b52a0d7addb0ed59514ff4,action:monthly_form_submit,月度体检表单提交,FORM_SUBMIT,WRITE,OP-MONTHLY-SUBMIT,EXISTING_NEEDS_FACADE,r017,/api/monthly-checkups,/api/v1/monthly-checkups,POST,check_month:str:req:body(YYYY-MM);form_data:object[additional_properties:any]:req:body,data.checkup_id:str:req;data.total_score:int:req,staff_session,session_binding,store_owned_resources,Diagnosis+MonthlyCheckup+Report,Idempotency-Key:req;window=24h;replay_returns_original;409=IDEMPOTENCY_CONFLICT;business_unique_keys_enforced || no_If-Match_by_default;parent_resource_version_checked_only_if_projection_updated || actor_user_id+operator_employee_id+store_id+resource+action+result+trace_id;single_txn;compensating_events_for_external_effects,EMPTY=NOT_APPLICABLE_paired_read_defines_empty;401=SESSION_INVALID_relogin;403=distinct_three_way;503=DEPENDENCY_UNAVAILABLE_manual_retry_reads_only_no_auto_write_replay;OFFLINE=client_no_write_autoreplay;UNKNOWN=trace_id_short_ref;LOADING=client,W4,monthly_diagnosis.html#action:monthly_form_submit;R3A:r017,409_dup_month_kept;page_has_no_ids
COV-026,10,report.html,经营诊断报告,f58976de4b6e1f4eab18775f29df6eee182521a077712ce551fd7c354bf5b93a,baseline-content,首诊报告区,DATA_BLOCK,READ,OP-FIRSTDIAG-GET,EXISTING_NEEDS_FACADE,r016,/api/diagnoses/{diagnosis_id},/api/v1/diagnosis/first/{diagnosis_id},GET,NONE,data.total_score:int:req;data.rating:str:req;data.dimensions:list[object]:req;data.dimensions[].key:str:req;data.dimensions[].score:int:req,staff_session,session_binding,store_owned_resources,Diagnosis+MonthlyCheckup+Report,NONE_read,EMPTY=NOT_APPLICABLE_404_RESOURCE_NOT_FOUND_for_missing;401=SESSION_INVALID_relogin;403=distinct_three_way;503=DEPENDENCY_UNAVAILABLE_manual_retry_reads_only_no_auto_write_replay;OFFLINE=client_no_write_autoreplay;UNKNOWN=trace_id_short_ref;LOADING=client,W4,report.html#baseline-content;R3A:r016,session_replaces_url_token
COV-027,10,report.html,经营诊断报告,f58976de4b6e1f4eab18775f29df6eee182521a077712ce551fd7c354bf5b93a,section-monthly,月度报告区,DATA_BLOCK,READ,OP-MONTHLY-GET,EXISTING_NEEDS_FACADE,r018,/api/monthly-checkups/{checkup_id},/api/v1/monthly-checkups/{checkup_id},GET,NONE,data.total_score:int:req;data.dimensions:list[object]:req;data.dimensions[].key:str:req;data.dimensions[].score:int:req,staff_session,session_binding,store_owned_resources,Diagnosis+MonthlyCheckup+Report,NONE_read,EMPTY=NOT_APPLICABLE_404_RESOURCE_NOT_FOUND_for_missing;401=SESSION_INVALID_relogin;403=distinct_three_way;503=DEPENDENCY_UNAVAILABLE_manual_retry_reads_only_no_auto_write_replay;OFFLINE=client_no_write_autoreplay;UNKNOWN=trace_id_short_ref;LOADING=client,W4,report.html#section-monthly;R3A:r018,NONE
COV-028,10,report.html,经营诊断报告,f58976de4b6e1f4eab18775f29df6eee182521a077712ce551fd7c354bf5b93a,tab-baseline,报告类型Tab,FILTER,READ,OP-REPORT-LIST,PROPOSED_NEW_FACADE,NONE,NONE,/api/v1/reports,GET,report_type:str:opt:query,NONE,staff_session,session_binding,store_owned_resources,Diagnosis+MonthlyCheckup+Report,NONE_read,EMPTY=200_items_empty;401=SESSION_INVALID_relogin;403=STORE_UNBOUND|ROLE_FORBIDDEN|RESOURCE_FORBIDDEN_distinct;503=DEPENDENCY_UNAVAILABLE_manual_retry_reads_only_no_auto_write_replay;OFFLINE=client_no_write_autoreplay;UNKNOWN=trace_id_short_ref;LOADING=client,W4,report.html#tab-baseline,NONE
COV-029,10,report.html,经营诊断报告,f58976de4b6e1f4eab18775f29df6eee182521a077712ce551fd7c354bf5b93a,action:report_download,报告PDF查看/下载,DOWNLOAD,COMMAND,OP-REPORT-DOWNLOAD-TICKET,PROPOSED_NEW_FACADE,NONE,NONE,/api/v1/reports/{report_id}/download-ticket,POST,NONE,data.download_url:str:req;data.expires_at:str_iso:req;data.report_id:str:req,staff_session,session_binding,store_owned_resources,Report,no_idempotency_key;ticket_reissue_allowed;rate_limited || no_If-Match;no_business_fact_change || download_audit:report_id+actor+store+trace_id;rate_limit_counter,EMPTY=NOT_APPLICABLE;401=SESSION_INVALID_relogin;403=distinct_three_way;503=DEPENDENCY_UNAVAILABLE_manual_retry_reads_only_no_auto_write_replay;OFFLINE=client_no_write_autoreplay;UNKNOWN=trace_id_short_ref;LOADING=client,W4,report.html#action:report_download,short_lived_signed_url_via_download_ticket;no_permanent_token_url
COV-030,11,trend_compare.html,经营指标趋势,a2c7e35f46fda17d9b2a7cc2e5324f52794d960ce2fe785fe88870fb39e89d71,btn-turnover,指标切换按钮组,FILTER,READ,OP-TREND-GET,EXISTING_NEEDS_FACADE,r020,/api/monthly-checkups/store/{store_id}/trends,/api/v1/monthly-checkups/trends,GET,months:int:opt:query,NONE,staff_session,session_binding,store_owned_resources,Diagnosis+MonthlyCheckup+Report,NONE_read,EMPTY=200_data_null_or_zero_when_no_data_yet;401=SESSION_INVALID_relogin;403=distinct_three_way;503=DEPENDENCY_UNAVAILABLE_manual_retry_reads_only_no_auto_write_replay;OFFLINE=client_no_write_autoreplay;UNKNOWN=trace_id_short_ref;LOADING=client,W4,trend_compare.html#btn-turnover;R3A:r020,NONE
COV-031,11,trend_compare.html,经营指标趋势,a2c7e35f46fda17d9b2a7cc2e5324f52794d960ce2fe785fe88870fb39e89d71,main-content,趋势图数据块,DATA_BLOCK,READ,OP-TREND-GET,EXISTING_NEEDS_FACADE,r020,/api/monthly-checkups/store/{store_id}/trends,/api/v1/monthly-checkups/trends,GET,NONE,data.months:list[str]:req;data.revenue:list[float]:req;data.scores:list[int]:req,staff_session,session_binding,store_owned_resources,Diagnosis+MonthlyCheckup+Report,NONE_read,EMPTY=200_data_null_or_zero_when_no_data_yet;401=SESSION_INVALID_relogin;403=distinct_three_way;503=DEPENDENCY_UNAVAILABLE_manual_retry_reads_only_no_auto_write_replay;OFFLINE=client_no_write_autoreplay;UNKNOWN=trace_id_short_ref;LOADING=client,W4,trend_compare.html#main-content;R3A:r020,store_from_session_not_path
COV-032,12,business.html,经营驾驶舱,1ce687f87fb859cafb008550838d2c5fb6dbf4077662bf1605ad650563eace8f,diag-conclusion,经营结论块,DATA_BLOCK,READ,OP-BIZ-DASHBOARD,PROPOSED_ORCHESTRATION,NONE,NONE,/api/v1/orchestration/business-dashboard,GET,period:str:req:query,data.conclusion:str:req;data.rule_version:str:req,staff_session,session_binding,store_owned_resources,Task+DailyReview+derived,NONE_read,EMPTY=200_data_null_or_zero_when_no_data_yet;401=SESSION_INVALID_relogin;403=distinct_three_way;503=DEPENDENCY_UNAVAILABLE_manual_retry_reads_only_no_auto_write_replay;OFFLINE=client_no_write_autoreplay;UNKNOWN=trace_id_short_ref;LOADING=client,W6,business.html#diag-conclusion,NONE
COV-033,12,business.html,经营驾驶舱,1ce687f87fb859cafb008550838d2c5fb6dbf4077662bf1605ad650563eace8f,data-grid,KPI网格,DATA_BLOCK,READ,OP-BIZ-DASHBOARD,PROPOSED_ORCHESTRATION,NONE,NONE,/api/v1/orchestration/business-dashboard,GET,NONE,data.kpis:list[object]:req;data.kpis[].key:str:req;data.kpis[].value:float:req;data.kpis[].status:str:req,staff_session,session_binding,store_owned_resources,Task+DailyReview+derived,NONE_read,EMPTY=200_data_null_or_zero_when_no_data_yet;401=SESSION_INVALID_relogin;403=distinct_three_way;503=DEPENDENCY_UNAVAILABLE_manual_retry_reads_only_no_auto_write_replay;OFFLINE=client_no_write_autoreplay;UNKNOWN=trace_id_short_ref;LOADING=client,W6,business.html#data-grid,NONE
COV-034,12,business.html,经营驾驶舱,1ce687f87fb859cafb008550838d2c5fb6dbf4077662bf1605ad650563eace8f,tab-daily,周期Tab,FILTER,READ,OP-BIZ-DASHBOARD,PROPOSED_ORCHESTRATION,NONE,NONE,/api/v1/orchestration/business-dashboard,GET,period:str:req:query,NONE,staff_session,session_binding,store_owned_resources,Task+DailyReview+derived,NONE_read,EMPTY=200_data_null_or_zero_when_no_data_yet;401=SESSION_INVALID_relogin;403=distinct_three_way;503=DEPENDENCY_UNAVAILABLE_manual_retry_reads_only_no_auto_write_replay;OFFLINE=client_no_write_autoreplay;UNKNOWN=trace_id_short_ref;LOADING=client,W6,business.html#tab-daily,NONE
COV-035,12,business.html,经营驾驶舱,1ce687f87fb859cafb008550838d2c5fb6dbf4077662bf1605ad650563eace8f,task-entry,问题转任务入口,NAVIGATION,READ,OP-ACTIONTASK-LIST,EXISTING_NEEDS_FACADE,r027,/api/store-manager/today-tasks,/api/v1/action-tasks,GET,NONE,NONE,staff_session,session_binding,store_owned_resources,Task+DailyReview+derived,NONE_read,EMPTY=200_items_empty;401=SESSION_INVALID_relogin;403=STORE_UNBOUND|ROLE_FORBIDDEN|RESOURCE_FORBIDDEN_distinct;503=DEPENDENCY_UNAVAILABLE_manual_retry_reads_only_no_auto_write_replay;OFFLINE=client_no_write_autoreplay;UNKNOWN=trace_id_short_ref;LOADING=client,W6,business.html#task-entry;R3A:r027,drilldown_link
COV-036,13,appointments.html,今日预约,d077279d70cd39a6c7e946cc5a9ea7a9dc64325fe543d9cb51f401df57704541,appointments-container,预约列表,DATA_BLOCK,READ,OP-DLAPPT-LIST,CANDIDATE_CODE_ONLY_SAFE_AFTER_MERGE,r005,/api/daily-loop/v1/appointments,/api/daily-loop/v1/appointments,GET,date:str:req:query,data.items:list[object]:req;data.items[].appointment_id:str:req;data.items[].status:str:req;data.items[].scheduled_time:str:opt,staff_session,session_binding,store_owned_resources,Task+Appointment,NONE_read,EMPTY=200_items_empty;401=SESSION_INVALID_relogin;403=STORE_UNBOUND|ROLE_FORBIDDEN|RESOURCE_FORBIDDEN_distinct;503=DEPENDENCY_UNAVAILABLE_manual_retry_reads_only_no_auto_write_replay;OFFLINE=client_no_write_autoreplay;UNKNOWN=trace_id_short_ref;LOADING=client,W3,appointments.html#appointments-container;R3A:r005,NONE
COV-037,13,appointments.html,今日预约,d077279d70cd39a6c7e946cc5a9ea7a9dc64325fe543d9cb51f401df57704541,filter-all,到店状态筛选,FILTER,READ,OP-DLAPPT-LIST,CANDIDATE_CODE_ONLY_SAFE_AFTER_MERGE,r005,/api/daily-loop/v1/appointments,/api/daily-loop/v1/appointments,GET,status:str:opt:query,NONE,staff_session,session_binding,store_owned_resources,Task+Appointment,NONE_read,EMPTY=200_items_empty;401=SESSION_INVALID_relogin;403=STORE_UNBOUND|ROLE_FORBIDDEN|RESOURCE_FORBIDDEN_distinct;503=DEPENDENCY_UNAVAILABLE_manual_retry_reads_only_no_auto_write_replay;OFFLINE=client_no_write_autoreplay;UNKNOWN=trace_id_short_ref;LOADING=client,W3,appointments.html#filter-all;R3A:r005,NONE
COV-038,13,appointments.html,今日预约,d077279d70cd39a6c7e946cc5a9ea7a9dc64325fe543d9cb51f401df57704541,action:appt_card_open,预约卡进详情,NAVIGATION,READ,OP-APPT-DETAIL,PROPOSED_NEW_FACADE,NONE,NONE,/api/v1/appointments/{appointment_id},GET,NONE,data.appointment_id:str:req,staff_session,session_binding,store_owned_resources,Appointment,NONE_read,EMPTY=NOT_APPLICABLE_404_RESOURCE_NOT_FOUND_for_missing;401=SESSION_INVALID_relogin;403=distinct_three_way;503=DEPENDENCY_UNAVAILABLE_manual_retry_reads_only_no_auto_write_replay;OFFLINE=client_no_write_autoreplay;UNKNOWN=trace_id_short_ref;LOADING=client,W4,appointments.html#action:appt_card_open,by_appointment_id
COV-039,14,appointment_detail.html,预约详情,434e448c764067f30b17dc90e9e8e1ab509718094ad08bf43dbaa3c2f28071b2,detail-card,预约详情卡,DATA_BLOCK,READ,OP-APPT-DETAIL,PROPOSED_NEW_FACADE,NONE,NONE,/api/v1/appointments/{appointment_id},GET,NONE,data.appointment_id:str:req;data.customer_display_name:str:req;data.status:str:req;data.scheduled_date:str:req,staff_session,session_binding,store_owned_resources,Appointment,NONE_read,EMPTY=NOT_APPLICABLE_404_RESOURCE_NOT_FOUND_for_missing;401=SESSION_INVALID_relogin;403=distinct_three_way;503=DEPENDENCY_UNAVAILABLE_manual_retry_reads_only_no_auto_write_replay;OFFLINE=client_no_write_autoreplay;UNKNOWN=trace_id_short_ref;LOADING=client,W4,appointment_detail.html#detail-card,DR-03
COV-040,14,appointment_detail.html,预约详情,434e448c764067f30b17dc90e9e8e1ab509718094ad08bf43dbaa3c2f28071b2,action-area,到店确认/取消按钮区,CONFIRM,WRITE,OP-APPT-CONFIRM,PROPOSED_NEW_FACADE,NONE,NONE,/api/v1/appointments/{appointment_id}/confirm,POST,confirm_action:str:req:body,data.status:str:req;data.confirmed_at:str:req,staff_session,session_binding,store_owned_resources,Appointment,Idempotency-Key:req;window=24h;replay_returns_original;409=IDEMPOTENCY_CONFLICT;business_unique_keys_enforced || no_If-Match_by_default;parent_resource_version_checked_only_if_projection_updated || actor_user_id+operator_employee_id+store_id+resource+action+result+trace_id;single_txn;compensating_events_for_external_effects,EMPTY=NOT_APPLICABLE_paired_read_defines_empty;401=SESSION_INVALID_relogin;403=distinct_three_way;503=DEPENDENCY_UNAVAILABLE_manual_retry_reads_only_no_auto_write_replay;OFFLINE=client_no_write_autoreplay;UNKNOWN=trace_id_short_ref;LOADING=client,W4,appointment_detail.html#action-area,409_invalid_transition;Idempotency-Key
COV-041,14,appointment_detail.html,预约详情,434e448c764067f30b17dc90e9e8e1ab509718094ad08bf43dbaa3c2f28071b2,customer-link,跳顾客详情,NAVIGATION,READ,OP-CUST-DETAIL,EXISTING_NEEDS_FACADE,r034,/api/store-manager/customers/{customer_id},/api/v1/customers/{customer_id},GET,NONE,NONE,staff_session,session_binding,store_owned_resources,Customer+Project+Demand+HomeProduct+CustomerGroup+ConsumptionRecord,NONE_read,EMPTY=NOT_APPLICABLE_404_RESOURCE_NOT_FOUND_for_missing;401=SESSION_INVALID_relogin;403=distinct_three_way;503=DEPENDENCY_UNAVAILABLE_manual_retry_reads_only_no_auto_write_replay;OFFLINE=client_no_write_autoreplay;UNKNOWN=trace_id_short_ref;LOADING=client,W4,appointment_detail.html#customer-link;R3A:r034,by_customer_id_not_name(rule9)
COV-042,15,service_execution.html,服务执行,9fd30a42604fe45dc7fb10afa231dc36b9cf0dab3852ae3fa910083f4d3720a1,execution-form,服务执行表单,FORM_SUBMIT,WRITE,OP-SVC-RECORD-CREATE,PROPOSED_NEW_DOMAIN,NONE,NONE,/api/v1/service-records,POST,customer_id:str:req:body;service_item:str:req:body;started_at:str:req:body,data.service_record_id:str:req;data.status:str:req,staff_session,session_binding,store_owned_resources,ServiceRecord+ExperienceRecord,Idempotency-Key:req;window=24h;replay_returns_original;409=IDEMPOTENCY_CONFLICT;business_unique_keys_enforced || no_If-Match_by_default;parent_resource_version_checked_only_if_projection_updated || actor_user_id+operator_employee_id+store_id+resource+action+result+trace_id;single_txn;compensating_events_for_external_effects,EMPTY=NOT_APPLICABLE_paired_read_defines_empty;401=SESSION_INVALID_relogin;403=distinct_three_way;503=DEPENDENCY_UNAVAILABLE_manual_retry_reads_only_no_auto_write_replay;OFFLINE=client_no_write_autoreplay;UNKNOWN=trace_id_short_ref;LOADING=client,W4,service_execution.html#execution-form,new_domain;operator_from_session
COV-043,15,service_execution.html,服务执行,9fd30a42604fe45dc7fb10afa231dc36b9cf0dab3852ae3fa910083f4d3720a1,display-customer,服务对象信息块,DATA_BLOCK,READ,OP-APPT-DETAIL,PROPOSED_NEW_FACADE,NONE,NONE,/api/v1/appointments/{appointment_id},GET,NONE,data.customer_display_name:str:req;data.service_item:str:opt,staff_session,session_binding,store_owned_resources,Appointment,NONE_read,EMPTY=NOT_APPLICABLE_404_RESOURCE_NOT_FOUND_for_missing;401=SESSION_INVALID_relogin;403=distinct_three_way;503=DEPENDENCY_UNAVAILABLE_manual_retry_reads_only_no_auto_write_replay;OFFLINE=client_no_write_autoreplay;UNKNOWN=trace_id_short_ref;LOADING=client,W4,service_execution.html#display-customer,prefill_from_appointment
COV-044,15,service_execution.html,服务执行,9fd30a42604fe45dc7fb10afa231dc36b9cf0dab3852ae3fa910083f4d3720a1,status-pending,执行状态标签,STATUS_CHANGE,WRITE,OP-SVC-RECORD-CREATE,PROPOSED_NEW_DOMAIN,NONE,NONE,/api/v1/service-records,POST,NONE,data.status:str:req,staff_session,session_binding,store_owned_resources,ServiceRecord+ExperienceRecord,Idempotency-Key:req;window=24h;replay_returns_original;409=IDEMPOTENCY_CONFLICT;business_unique_keys_enforced || no_If-Match_by_default;parent_resource_version_checked_only_if_projection_updated || actor_user_id+operator_employee_id+store_id+resource+action+result+trace_id;single_txn;compensating_events_for_external_effects,EMPTY=NOT_APPLICABLE_paired_read_defines_empty;401=SESSION_INVALID_relogin;403=distinct_three_way;503=DEPENDENCY_UNAVAILABLE_manual_retry_reads_only_no_auto_write_replay;OFFLINE=client_no_write_autoreplay;UNKNOWN=trace_id_short_ref;LOADING=client,W4,service_execution.html#status-pending,status_transitions_in_domain
COV-045,16,customer_detail.html,顾客详情,45ed28ee039b089cacb72efe424fb9482ea57a1915f5b0596a3e214847fbd31c,cust-name,顾客档案头块,DATA_BLOCK,READ,OP-CUST-DETAIL,EXISTING_NEEDS_FACADE,r034,/api/store-manager/customers/{customer_id},/api/v1/customers/{customer_id},GET,NONE,data.name:str:req;data.rfm_label:str:opt;data.status:str:opt;data.remaining_project_amount:decimal:opt,staff_session,session_binding,store_owned_resources,Customer+Project+Demand+HomeProduct+CustomerGroup+ConsumptionRecord,NONE_read,EMPTY=NOT_APPLICABLE_404_RESOURCE_NOT_FOUND_for_missing;401=SESSION_INVALID_relogin;403=distinct_three_way;503=DEPENDENCY_UNAVAILABLE_manual_retry_reads_only_no_auto_write_replay;OFFLINE=client_no_write_autoreplay;UNKNOWN=trace_id_short_ref;LOADING=client,W4,customer_detail.html#cust-name;R3A:r034,store_ownership_enforced
COV-046,16,customer_detail.html,顾客详情,45ed28ee039b089cacb72efe424fb9482ea57a1915f5b0596a3e214847fbd31c,action:cust_tabs,项目/家居品/需求Tab数据,DATA_BLOCK,READ,OP-CUST-DETAIL,EXISTING_NEEDS_FACADE,r034,/api/store-manager/customers/{customer_id},/api/v1/customers/{customer_id},GET,NONE,data.projects:list[object]:req;data.projects[].project_name:str:req;data.projects[].remaining_quantity:int:opt;data.demands:list[object]:req;data.demands[].demand_desc:str:req,staff_session,session_binding,store_owned_resources,Customer+Project+Demand+HomeProduct+CustomerGroup+ConsumptionRecord,NONE_read,EMPTY=NOT_APPLICABLE_404_RESOURCE_NOT_FOUND_for_missing;401=SESSION_INVALID_relogin;403=distinct_three_way;503=DEPENDENCY_UNAVAILABLE_manual_retry_reads_only_no_auto_write_replay;OFFLINE=client_no_write_autoreplay;UNKNOWN=trace_id_short_ref;LOADING=client,W4,customer_detail.html#action:cust_tabs;R3A:r034,single_detail_op_reused
COV-047,16,customer_detail.html,顾客详情,45ed28ee039b089cacb72efe424fb9482ea57a1915f5b0596a3e214847fbd31c,next-action-btn,下一步动作按钮,NAVIGATION,UI_ONLY,NONE,NOT_REQUIRED,NONE,NONE,NONE,NONE,NONE,NONE,NONE,NONE,NONE,NONE,NONE_read,NONE,W2,customer_detail.html#next-action-btn,routes_to_seeding_or_demand_pages
COV-048,16,customer_detail.html,顾客详情,45ed28ee039b089cacb72efe424fb9482ea57a1915f5b0596a3e214847fbd31c,cust-status-deactivated,停用/启用状态操作,STATUS_CHANGE,WRITE,OP-CUST-UPDATE,PROPOSED_NEW_FACADE,NONE,NONE,/api/v1/customers/{customer_id},PATCH,status:str:opt:body,data.customer_id:str:req;data.updated_at:str:req,staff_session,session_binding,store_owned_resources,Customer+Project+Demand+HomeProduct+CustomerGroup+ConsumptionRecord,Idempotency-Key:req;409=DUPLICATE_SUBMISSION_on_key_replay_with_different_payload || If-Match:req+resource_version:req;409=VERSION_CONFLICT;before_after_versions_audited || before_version+after_version+actor_user_id+operator_employee_id+store_id+trace_id,EMPTY=NOT_APPLICABLE_paired_read_defines_empty;401=SESSION_INVALID_relogin;403=distinct_three_way;503=DEPENDENCY_UNAVAILABLE_manual_retry_reads_only_no_auto_write_replay;OFFLINE=client_no_write_autoreplay;UNKNOWN=trace_id_short_ref;LOADING=client,W4,customer_detail.html#cust-status-deactivated,If-Match;audit
COV-049,17,customer_onboarding.html,顾客完整建档,fa74ce8ab3a193de097643dda77b3dc2ac95af918f7e9e6df94821ed74c1778f,form-scroll-container,建档分步表单提交,FORM_SUBMIT,WRITE,OP-CUST-CREATE,EXISTING_NEEDS_FACADE,r032,/api/store-manager/customers,/api/v1/customers,POST,name:str:req:body;phone:str:req:body;source_channel:str:opt:body,data.customer_id:str:req,staff_session,session_binding,store_owned_resources,Customer+Project+Demand+HomeProduct+CustomerGroup+ConsumptionRecord,Idempotency-Key:req;window=24h;replay_returns_original;409=IDEMPOTENCY_CONFLICT;business_unique_keys_enforced || no_If-Match_by_default;parent_resource_version_checked_only_if_projection_updated || actor_user_id+operator_employee_id+store_id+resource+action+result+trace_id;single_txn;compensating_events_for_external_effects,EMPTY=NOT_APPLICABLE_paired_read_defines_empty;401=SESSION_INVALID_relogin;403=distinct_three_way;503=DEPENDENCY_UNAVAILABLE_manual_retry_reads_only_no_auto_write_replay;OFFLINE=client_no_write_autoreplay;UNKNOWN=trace_id_short_ref;LOADING=client,W4,customer_onboarding.html#form-scroll-container;R3A:r032,phone_unique_per_store;Idempotency-Key;draft_local_cache_ok
COV-050,17,customer_onboarding.html,顾客完整建档,fa74ce8ab3a193de097643dda77b3dc2ac95af918f7e9e6df94821ed74c1778f,action:dup_check,查重提示,DATA_BLOCK,READ,OP-CUST-LIST,EXISTING_NEEDS_FACADE,r033,/api/store-manager/customers,/api/v1/customers,GET,keyword:str:opt:query,data.items:list[object]:req;data.items[].customer_id:str:req;data.items[].name:str:req,staff_session,session_binding,store_owned_resources,Customer+Project+Demand+HomeProduct+CustomerGroup+ConsumptionRecord,NONE_read,EMPTY=200_items_empty;401=SESSION_INVALID_relogin;403=STORE_UNBOUND|ROLE_FORBIDDEN|RESOURCE_FORBIDDEN_distinct;503=DEPENDENCY_UNAVAILABLE_manual_retry_reads_only_no_auto_write_replay;OFFLINE=client_no_write_autoreplay;UNKNOWN=trace_id_short_ref;LOADING=client,W4,customer_onboarding.html#action:dup_check;R3A:r033,server_side_dedup_by_phone_hash_not_name
COV-051,17,customer_onboarding.html,顾客完整建档,fa74ce8ab3a193de097643dda77b3dc2ac95af918f7e9e6df94821ed74c1778f,action:merge_request,疑似重复转合并申请,BUTTON,WRITE,OP-CUST-MERGE-REQUEST,PROPOSED_NEW_FACADE,NONE,NONE,/api/v1/customers/{customer_id}/merge-requests,POST,duplicate_customer_id:str:req:body,data.merge_request_id:str:req,staff_session,session_binding,store_owned_resources,Customer+Project+Demand+HomeProduct+CustomerGroup+ConsumptionRecord,Idempotency-Key:req;window=24h;replay_returns_original;409=IDEMPOTENCY_CONFLICT;business_unique_keys_enforced || no_If-Match_by_default;parent_resource_version_checked_only_if_projection_updated || actor_user_id+operator_employee_id+store_id+resource+action+result+trace_id;single_txn;compensating_events_for_external_effects,EMPTY=NOT_APPLICABLE_paired_read_defines_empty;401=SESSION_INVALID_relogin;403=distinct_three_way;503=DEPENDENCY_UNAVAILABLE_manual_retry_reads_only_no_auto_write_replay;OFFLINE=client_no_write_autoreplay;UNKNOWN=trace_id_short_ref;LOADING=client,W4,customer_onboarding.html#action:merge_request,manager_review
COV-052,18,customer_group.html,顾客分群,361e5291424a214c6934adeffb620296eb99a4a7dcd13a82e8abe1fc6200aedb,previewList,分群规则预估,DATA_BLOCK,COMMAND,OP-CUSTGROUP-PREVIEW,PROPOSED_NEW_DOMAIN,NONE,NONE,/api/v1/customer-groups/preview,POST,rules:list[object]:req:body;rules[].field:str:req,data.match_count:int:req;data.preview:list[object]:req;data.preview[].customer_id:str:req,staff_session,session_binding,store_owned_resources,Customer+Project+Demand+HomeProduct+CustomerGroup+ConsumptionRecord,no_idempotency_key;stateless_preview_no_business_fact_persisted || consistent_read_snapshot;no_If-Match || read_preview_access_log_only,EMPTY=NOT_APPLICABLE_paired_read_defines_empty;401=SESSION_INVALID_relogin;403=distinct_three_way;503=DEPENDENCY_UNAVAILABLE_manual_retry_reads_only_no_auto_write_replay;OFFLINE=client_no_write_autoreplay;UNKNOWN=trace_id_short_ref;LOADING=client,W5,customer_group.html#previewList,NONE
COV-053,18,customer_group.html,顾客分群,361e5291424a214c6934adeffb620296eb99a4a7dcd13a82e8abe1fc6200aedb,saveBtn,保存分群,BUTTON,WRITE,OP-CUSTGROUP-CREATE,PROPOSED_NEW_DOMAIN,NONE,NONE,/api/v1/customer-groups,POST,group_name:str:req:body,data.group_id:str:req;data.version:int:req,staff_session,session_binding,store_owned_resources,Customer+Project+Demand+HomeProduct+CustomerGroup+ConsumptionRecord,Idempotency-Key:req;window=24h;replay_returns_original;409=IDEMPOTENCY_CONFLICT;business_unique_keys_enforced || no_If-Match_by_default;parent_resource_version_checked_only_if_projection_updated || actor_user_id+operator_employee_id+store_id+resource+action+result+trace_id;single_txn;compensating_events_for_external_effects,EMPTY=NOT_APPLICABLE_paired_read_defines_empty;401=SESSION_INVALID_relogin;403=distinct_three_way;503=DEPENDENCY_UNAVAILABLE_manual_retry_reads_only_no_auto_write_replay;OFFLINE=client_no_write_autoreplay;UNKNOWN=trace_id_short_ref;LOADING=client,W5,customer_group.html#saveBtn,NONE
COV-054,18,customer_group.html,顾客分群,361e5291424a214c6934adeffb620296eb99a4a7dcd13a82e8abe1fc6200aedb,groupList,已保存分群列表,DATA_BLOCK,READ,OP-CUSTGROUP-LIST,PROPOSED_NEW_DOMAIN,NONE,NONE,/api/v1/customer-groups,GET,NONE,data.items:list[object]:req;data.items[].group_id:str:req;data.items[].group_name:str:req,staff_session,session_binding,store_owned_resources,Customer+Project+Demand+HomeProduct+CustomerGroup+ConsumptionRecord,NONE_read,EMPTY=200_items_empty;401=SESSION_INVALID_relogin;403=STORE_UNBOUND|ROLE_FORBIDDEN|RESOURCE_FORBIDDEN_distinct;503=DEPENDENCY_UNAVAILABLE_manual_retry_reads_only_no_auto_write_replay;OFFLINE=client_no_write_autoreplay;UNKNOWN=trace_id_short_ref;LOADING=client,W5,customer_group.html#groupList,NONE
COV-055,19,demand_board.html,需求看板,a8873b4e2fd3aa3b1a9326dcf4d2f4eef70906e44484e4ad314f633e74421b73,demandList,需求看板列表,DATA_BLOCK,READ,OP-DEMAND-BOARD,EXISTING_NEEDS_FACADE,r041,/api/store-manager/demand-board,/api/v1/demand-board,GET,NONE,data.dealable_demands:list[object]:req;data.dealable_demands[].demand_desc:str:req;data.dealable_demands[].customer_name:str:req;data.summary.dealable_count:int:req,staff_session,session_binding,store_owned_resources,Customer+Project+Demand+HomeProduct+CustomerGroup+ConsumptionRecord,NONE_read,EMPTY=200_items_empty;401=SESSION_INVALID_relogin;403=STORE_UNBOUND|ROLE_FORBIDDEN|RESOURCE_FORBIDDEN_distinct;503=DEPENDENCY_UNAVAILABLE_manual_retry_reads_only_no_auto_write_replay;OFFLINE=client_no_write_autoreplay;UNKNOWN=trace_id_short_ref;LOADING=client,W4,demand_board.html#demandList;R3A:r041,phone_masked_by_facade(v013_leaks)
COV-056,19,demand_board.html,需求看板,a8873b4e2fd3aa3b1a9326dcf4d2f4eef70906e44484e4ad314f633e74421b73,statusFilters,状态/类型筛选,FILTER,READ,OP-DEMAND-BOARD,EXISTING_NEEDS_FACADE,r041,/api/store-manager/demand-board,/api/v1/demand-board,GET,status:str:opt:query;demand_type:str:opt:query,NONE,staff_session,session_binding,store_owned_resources,Customer+Project+Demand+HomeProduct+CustomerGroup+ConsumptionRecord,NONE_read,EMPTY=200_items_empty;401=SESSION_INVALID_relogin;403=STORE_UNBOUND|ROLE_FORBIDDEN|RESOURCE_FORBIDDEN_distinct;503=DEPENDENCY_UNAVAILABLE_manual_retry_reads_only_no_auto_write_replay;OFFLINE=client_no_write_autoreplay;UNKNOWN=trace_id_short_ref;LOADING=client,W4,demand_board.html#statusFilters;R3A:r041,NONE
COV-057,20,need_discovery.html,需求发现,423c7880067fa61ae1ebd1a2691ec141c3c4818004ae46d78ca2c5802d07adb1,stat-all,需求统计块,DATA_BLOCK,READ,OP-CUST-DETAIL,EXISTING_NEEDS_FACADE,r034,/api/store-manager/customers/{customer_id},/api/v1/customers/{customer_id},GET,NONE,data.demands:list[object]:req;data.demands[].status:str:opt;data.demands[].progress_score:int:opt,staff_session,session_binding,store_owned_resources,Customer+Project+Demand+HomeProduct+CustomerGroup+ConsumptionRecord,NONE_read,EMPTY=NOT_APPLICABLE_404_RESOURCE_NOT_FOUND_for_missing;401=SESSION_INVALID_relogin;403=distinct_three_way;503=DEPENDENCY_UNAVAILABLE_manual_retry_reads_only_no_auto_write_replay;OFFLINE=client_no_write_autoreplay;UNKNOWN=trace_id_short_ref;LOADING=client,W4,need_discovery.html#stat-all;R3A:r034,per_customer_scope
COV-058,20,need_discovery.html,需求发现,423c7880067fa61ae1ebd1a2691ec141c3c4818004ae46d78ca2c5802d07adb1,action:need_record_form,需求记录表单,FORM_SUBMIT,WRITE,OP-DEMAND-ADD,EXISTING_NEEDS_FACADE,r038,/api/store-manager/customers/{customer_id}/demands,/api/v1/customers/{customer_id}/demands,POST,demand_desc:str:req:body;demand_type:str:opt:body,data.demand_id:str:req;data.demand_desc:str:req,staff_session,session_binding,store_owned_resources,Customer+Project+Demand+HomeProduct+CustomerGroup+ConsumptionRecord,Idempotency-Key:req;window=24h;replay_returns_original;409=IDEMPOTENCY_CONFLICT;business_unique_keys_enforced || no_If-Match_by_default;parent_resource_version_checked_only_if_projection_updated || actor_user_id+operator_employee_id+store_id+resource+action+result+trace_id;single_txn;compensating_events_for_external_effects,EMPTY=NOT_APPLICABLE_paired_read_defines_empty;401=SESSION_INVALID_relogin;403=distinct_three_way;503=DEPENDENCY_UNAVAILABLE_manual_retry_reads_only_no_auto_write_replay;OFFLINE=client_no_write_autoreplay;UNKNOWN=trace_id_short_ref;LOADING=client,W4,need_discovery.html#action:need_record_form;R3A:r038,operator_from_session
COV-059,20,need_discovery.html,需求发现,423c7880067fa61ae1ebd1a2691ec141c3c4818004ae46d78ca2c5802d07adb1,action:need_taskify,需求生成任务,BUTTON,COMMAND,OP-DEMAND-TASKIFY,PROPOSED_NEW_FACADE,NONE,NONE,/api/v1/demands/{demand_id}/taskify,POST,NONE,data.task_id:str:req,staff_session,session_binding,store_owned_resources,Customer+Project+Demand+HomeProduct+CustomerGroup+ConsumptionRecord,Idempotency-Key:req;window=24h;replay_returns_original;409=IDEMPOTENCY_CONFLICT;business_unique_keys_enforced || no_If-Match_by_default;parent_resource_version_checked_only_if_projection_updated || actor_user_id+operator_employee_id+store_id+resource+action+result+trace_id;single_txn;compensating_events_for_external_effects,EMPTY=NOT_APPLICABLE_paired_read_defines_empty;401=SESSION_INVALID_relogin;403=distinct_three_way;503=DEPENDENCY_UNAVAILABLE_manual_retry_reads_only_no_auto_write_replay;OFFLINE=client_no_write_autoreplay;UNKNOWN=trace_id_short_ref;LOADING=client,W4,need_discovery.html#action:need_taskify,closed_loop
COV-060,21,project_seeding.html,项目铺垫,e64fd09d8e19ed88757160e294e25451bfad5e57b2a603f9c6cf8afd316f4c52,need-desc,需求背景块,DATA_BLOCK,READ,OP-CUST-DETAIL,EXISTING_NEEDS_FACADE,r034,/api/store-manager/customers/{customer_id},/api/v1/customers/{customer_id},GET,NONE,data.demands:list[object]:req;data.demands[].demand_desc:str:req,staff_session,session_binding,store_owned_resources,Customer+Project+Demand+HomeProduct+CustomerGroup+ConsumptionRecord,NONE_read,EMPTY=NOT_APPLICABLE_404_RESOURCE_NOT_FOUND_for_missing;401=SESSION_INVALID_relogin;403=distinct_three_way;503=DEPENDENCY_UNAVAILABLE_manual_retry_reads_only_no_auto_write_replay;OFFLINE=client_no_write_autoreplay;UNKNOWN=trace_id_short_ref;LOADING=client,W4,project_seeding.html#need-desc;R3A:r034,NONE
COV-061,21,project_seeding.html,项目铺垫,e64fd09d8e19ed88757160e294e25451bfad5e57b2a603f9c6cf8afd316f4c52,action:seeding_form,铺垫记录表单,FORM_SUBMIT,WRITE,OP-SEEDING-CREATE,PROPOSED_NEW_DOMAIN,NONE,NONE,/api/v1/seeding-records,POST,customer_id:str:req:body;seeding_note:str:req:body;content_id:str:opt:body,data.seeding_record_id:str:req,staff_session,session_binding,store_owned_resources,ServiceRecord+ExperienceRecord,Idempotency-Key:req;window=24h;replay_returns_original;409=IDEMPOTENCY_CONFLICT;business_unique_keys_enforced || no_If-Match_by_default;parent_resource_version_checked_only_if_projection_updated || actor_user_id+operator_employee_id+store_id+resource+action+result+trace_id;single_txn;compensating_events_for_external_effects,EMPTY=NOT_APPLICABLE_paired_read_defines_empty;401=SESSION_INVALID_relogin;403=distinct_three_way;503=DEPENDENCY_UNAVAILABLE_manual_retry_reads_only_no_auto_write_replay;OFFLINE=client_no_write_autoreplay;UNKNOWN=trace_id_short_ref;LOADING=client,W4,project_seeding.html#action:seeding_form,links_content
COV-062,21,project_seeding.html,项目铺垫,e64fd09d8e19ed88757160e294e25451bfad5e57b2a603f9c6cf8afd316f4c52,action:content_pick,引用内容选择,DATA_BLOCK,READ,OP-CONTENT-LIST,PROPOSED_NEW_DOMAIN,NONE,NONE,/api/v1/contents,GET,scene:str:opt:query,data.items:list[object]:req;data.items[].content_id:str:req;data.items[].title:str:req,staff_session,session_binding,store_owned_resources,Content+ContentVersion,NONE_read,EMPTY=200_items_empty;401=SESSION_INVALID_relogin;403=STORE_UNBOUND|ROLE_FORBIDDEN|RESOURCE_FORBIDDEN_distinct;503=DEPENDENCY_UNAVAILABLE_manual_retry_reads_only_no_auto_write_replay;OFFLINE=client_no_write_autoreplay;UNKNOWN=trace_id_short_ref;LOADING=client,W5,project_seeding.html#action:content_pick,NONE
COV-063,22,customer_experience.html,效果与体验,5f011126dce66a8918f7f676c9bb2acdd46bababe6c81d0996a6ac33b96f3d53,form-container,体验记录表单,FORM_SUBMIT,WRITE,OP-EXPERIENCE-CREATE,PROPOSED_NEW_DOMAIN,NONE,NONE,/api/v1/experience-records,POST,customer_id:str:req:body;experience_note:str:req:body;images:list[object]:opt:body;images[].customer_authorized:bool:req,data.experience_record_id:str:req,staff_session,session_binding,store_owned_resources,ServiceRecord+ExperienceRecord,Idempotency-Key:req;window=24h;replay_returns_original;409=IDEMPOTENCY_CONFLICT;business_unique_keys_enforced || no_If-Match_by_default;parent_resource_version_checked_only_if_projection_updated || actor_user_id+operator_employee_id+store_id+resource+action+result+trace_id;single_txn;compensating_events_for_external_effects,EMPTY=NOT_APPLICABLE_paired_read_defines_empty;401=SESSION_INVALID_relogin;403=distinct_three_way;503=DEPENDENCY_UNAVAILABLE_manual_retry_reads_only_no_auto_write_replay;OFFLINE=client_no_write_autoreplay;UNKNOWN=trace_id_short_ref;LOADING=client,W4,customer_experience.html#form-container,non_medical_wording;image_authorization_required
COV-064,22,customer_experience.html,效果与体验,5f011126dce66a8918f7f676c9bb2acdd46bababe6c81d0996a6ac33b96f3d53,customer-name,服务上下文块,DATA_BLOCK,READ,OP-SVC-RECORD-GET,PROPOSED_NEW_DOMAIN,NONE,NONE,/api/v1/service-records/{service_record_id},GET,NONE,data.customer_id:str:req;data.service_item:str:req,staff_session,session_binding,store_owned_resources,ServiceRecord+ExperienceRecord,NONE_read,EMPTY=NOT_APPLICABLE_404_RESOURCE_NOT_FOUND_for_missing;401=SESSION_INVALID_relogin;403=distinct_three_way;503=DEPENDENCY_UNAVAILABLE_manual_retry_reads_only_no_auto_write_replay;OFFLINE=client_no_write_autoreplay;UNKNOWN=trace_id_short_ref;LOADING=client,W4,customer_experience.html#customer-name,NONE
COV-065,23,consumption_tracking.html,消耗追踪,c2ae3654e212e14a49d21f1f1898c2e23e2668fa85a929c0670a4acff8684bd0,render-target,项目/家居品消耗列表,DATA_BLOCK,READ,OP-CUST-DETAIL,EXISTING_NEEDS_FACADE,r034,/api/store-manager/customers/{customer_id},/api/v1/customers/{customer_id},GET,NONE,data.projects:list[object]:req;data.projects[].remaining_quantity:int:opt;data.home_products:list[object]:req;data.home_products[].estimated_end_date:str:opt,staff_session,session_binding,store_owned_resources,Customer+Project+Demand+HomeProduct+CustomerGroup+ConsumptionRecord,NONE_read,EMPTY=NOT_APPLICABLE_404_RESOURCE_NOT_FOUND_for_missing;401=SESSION_INVALID_relogin;403=distinct_three_way;503=DEPENDENCY_UNAVAILABLE_manual_retry_reads_only_no_auto_write_replay;OFFLINE=client_no_write_autoreplay;UNKNOWN=trace_id_short_ref;LOADING=client,W4,consumption_tracking.html#render-target;R3A:r034,NONE
COV-066,23,consumption_tracking.html,消耗追踪,c2ae3654e212e14a49d21f1f1898c2e23e2668fa85a929c0670a4acff8684bd0,form-modal,项目消耗登记弹窗,FORM_SUBMIT,WRITE,OP-PROJ-CONSUME,EXISTING_NEEDS_FACADE,r036,/api/store-manager/customers/{customer_id}/projects/{project_id}/consume,/api/v1/projects/{project_id}/consumptions,POST,consumed_at:str:opt:body,data.consumption_id:str:req;data.remaining_quantity:int:req,staff_session,session_binding,store_owned_resources,Customer+Project+Demand+HomeProduct+CustomerGroup+ConsumptionRecord,Idempotency-Key:req;window=24h;replay_returns_original;409=IDEMPOTENCY_CONFLICT;business_unique_keys_enforced || no_If-Match_by_default;parent_resource_version_checked_only_if_projection_updated || actor_user_id+operator_employee_id+store_id+resource+action+result+trace_id;single_txn;compensating_events_for_external_effects,EMPTY=NOT_APPLICABLE_paired_read_defines_empty;401=SESSION_INVALID_relogin;403=distinct_three_way;503=DEPENDENCY_UNAVAILABLE_manual_retry_reads_only_no_auto_write_replay;OFFLINE=client_no_write_autoreplay;UNKNOWN=trace_id_short_ref;LOADING=client,W4,consumption_tracking.html#form-modal;R3A:r036,Idempotency-Key_fixes_double_decrement
COV-067,23,consumption_tracking.html,消耗追踪,c2ae3654e212e14a49d21f1f1898c2e23e2668fa85a929c0670a4acff8684bd0,kit-use-count,家居品使用登记,FORM_SUBMIT,WRITE,OP-HOMEPROD-USAGE,PROPOSED_NEW_FACADE,NONE,NONE,/api/v1/home-products/{home_product_id}/usage,POST,used_at:str:req:body,data.usage_id:str:req,staff_session,session_binding,store_owned_resources,Customer+Project+Demand+HomeProduct+CustomerGroup+ConsumptionRecord,Idempotency-Key:req;window=24h;replay_returns_original;409=IDEMPOTENCY_CONFLICT;business_unique_keys_enforced || no_If-Match_by_default;parent_resource_version_checked_only_if_projection_updated || actor_user_id+operator_employee_id+store_id+resource+action+result+trace_id;single_txn;compensating_events_for_external_effects,EMPTY=NOT_APPLICABLE_paired_read_defines_empty;401=SESSION_INVALID_relogin;403=distinct_three_way;503=DEPENDENCY_UNAVAILABLE_manual_retry_reads_only_no_auto_write_replay;OFFLINE=client_no_write_autoreplay;UNKNOWN=trace_id_short_ref;LOADING=client,W4,consumption_tracking.html#kit-use-count,fact_vs_estimate_separated
COV-068,24,task_detail.html,任务详情回执,a88295992609fb9b5f40c3246e15423709be48b2632e192e96d586c6a3ec1e3b,main-content,任务详情块,DATA_BLOCK,READ,OP-TASK-DETAIL,PROPOSED_NEW_FACADE,NONE,NONE,/api/v1/tasks/{task_id},GET,NONE,data.task_id:str:req;data.status:str:req;data.action_guide:str:opt,staff_session,session_binding,store_owned_resources,Task+Appointment,NONE_read,EMPTY=NOT_APPLICABLE_404_RESOURCE_NOT_FOUND_for_missing;401=SESSION_INVALID_relogin;403=distinct_three_way;503=DEPENDENCY_UNAVAILABLE_manual_retry_reads_only_no_auto_write_replay;OFFLINE=client_no_write_autoreplay;UNKNOWN=trace_id_short_ref;LOADING=client,W4,task_detail.html#main-content,DR-09
COV-069,24,task_detail.html,任务详情回执,a88295992609fb9b5f40c3246e15423709be48b2632e192e96d586c6a3ec1e3b,action:receipt_form,回执/完成提交,FORM_SUBMIT,WRITE,OP-DLTASK-RECEIPT,PROPOSED_NEW_FACADE,NONE,NONE,/api/v1/tasks/{task_id}/receipt,POST,result:str:req:body;note:str:opt:body,data.receipt_id:str:req;data.status:str:req,staff_session,session_binding,store_owned_resources,Task+Appointment,Idempotency-Key:req;window=24h;replay_returns_original;409=IDEMPOTENCY_CONFLICT;business_unique_keys_enforced || no_If-Match_by_default;parent_resource_version_checked_only_if_projection_updated || actor_user_id+operator_employee_id+store_id+resource+action+result+trace_id;single_txn;compensating_events_for_external_effects,EMPTY=NOT_APPLICABLE_paired_read_defines_empty;401=SESSION_INVALID_relogin;403=distinct_three_way;503=DEPENDENCY_UNAVAILABLE_manual_retry_reads_only_no_auto_write_replay;OFFLINE=client_no_write_autoreplay;UNKNOWN=trace_id_short_ref;LOADING=client,W4,task_detail.html#action:receipt_form,Idempotency-Key;409_DUPLICATE_SUBMISSION
COV-070,24,task_detail.html,任务详情回执,a88295992609fb9b5f40c3246e15423709be48b2632e192e96d586c6a3ec1e3b,task-status,状态标签,STATUS_CHANGE,WRITE,OP-DLTASK-RECEIPT,PROPOSED_NEW_FACADE,NONE,NONE,/api/v1/tasks/{task_id}/receipt,POST,NONE,data.status:str:req,staff_session,session_binding,store_owned_resources,Task+Appointment,Idempotency-Key:req;window=24h;replay_returns_original;409=IDEMPOTENCY_CONFLICT;business_unique_keys_enforced || no_If-Match_by_default;parent_resource_version_checked_only_if_projection_updated || actor_user_id+operator_employee_id+store_id+resource+action+result+trace_id;single_txn;compensating_events_for_external_effects,EMPTY=NOT_APPLICABLE_paired_read_defines_empty;401=SESSION_INVALID_relogin;403=distinct_three_way;503=DEPENDENCY_UNAVAILABLE_manual_retry_reads_only_no_auto_write_replay;OFFLINE=client_no_write_autoreplay;UNKNOWN=trace_id_short_ref;LOADING=client,W4,task_detail.html#task-status,same_op
COV-071,25,risks.html,持续服务风险看板,98f55fecbe23073ab6db9b3c519432cdbb811b849999fa66e1551cbc965e3069,action:risk_list,风险清单,DATA_BLOCK,READ,OP-RISK-BOARD,PROPOSED_ORCHESTRATION,NONE,NONE,/api/v1/orchestration/risk-board,GET,level:str:opt:query,data.items:list[object]:req;data.items[].risk_type:str:req;data.items[].evidence:str:req;data.items[].threshold_rule:str:req,staff_session,session_binding,store_owned_resources,Task+DailyReview+derived,NONE_read,EMPTY=200_items_empty;401=SESSION_INVALID_relogin;403=STORE_UNBOUND|ROLE_FORBIDDEN|RESOURCE_FORBIDDEN_distinct;503=DEPENDENCY_UNAVAILABLE_manual_retry_reads_only_no_auto_write_replay;OFFLINE=client_no_write_autoreplay;UNKNOWN=trace_id_short_ref;LOADING=client,W6,risks.html#action:risk_list,page_has_no_ids;explainable
COV-072,25,risks.html,持续服务风险看板,98f55fecbe23073ab6db9b3c519432cdbb811b849999fa66e1551cbc965e3069,action:risk_taskify,风险转任务,BUTTON,COMMAND,OP-ACTIONTASK-GENERATE,EXISTING_NEEDS_FACADE,r028,/api/store-manager/today-tasks/generate,/api/v1/action-tasks/generate,POST,NONE,NONE,staff_session,session_binding,store_owned_resources,Task+DailyReview+derived,Idempotency-Key:req;replay_returns_original_generation || no_mechanical_If-Match;source_version_recorded_when_generation_reads_snapshot || generation_audit:source+rule_version+degraded+quality+actor+store+trace_id,EMPTY=NOT_APPLICABLE_paired_read_defines_empty;401=SESSION_INVALID_relogin;403=distinct_three_way;503=DEPENDENCY_UNAVAILABLE_manual_retry_reads_only_no_auto_write_replay;OFFLINE=client_no_write_autoreplay;UNKNOWN=trace_id_short_ref;LOADING=client,W6,risks.html#action:risk_taskify;R3A:r028,reuses_generate
COV-073,26,review.html,日终复盘,b97238b5c68ab88426ff731e9e576950251234fdedbe260f3b4d209db69323f3,review-task-name,当日执行汇总块,DATA_BLOCK,READ,OP-ACTIONTASK-LIST,EXISTING_NEEDS_FACADE,r027,/api/store-manager/today-tasks,/api/v1/action-tasks,GET,date:str:opt:query,data.items:list[object]:req;data.items[].title:str:req;data.items[].status:str:req,staff_session,session_binding,store_owned_resources,Task+DailyReview+derived,NONE_read,EMPTY=200_items_empty;401=SESSION_INVALID_relogin;403=STORE_UNBOUND|ROLE_FORBIDDEN|RESOURCE_FORBIDDEN_distinct;503=DEPENDENCY_UNAVAILABLE_manual_retry_reads_only_no_auto_write_replay;OFFLINE=client_no_write_autoreplay;UNKNOWN=trace_id_short_ref;LOADING=client,W6,review.html#review-task-name;R3A:r027,NONE
COV-074,26,review.html,日终复盘,b97238b5c68ab88426ff731e9e576950251234fdedbe260f3b4d209db69323f3,review-note,复盘提交,FORM_SUBMIT,WRITE,OP-REVIEW-SUBMIT,EXISTING_NEEDS_FACADE,r030,/api/store-manager/daily-review,/api/v1/daily-review,POST,review_content:str:opt:body,data.completed_count:int:req;data.tomorrow_actions:list[object]:req;data.tomorrow_actions[].title:str:req,staff_session,session_binding,store_owned_resources,Task+DailyReview+derived,Idempotency-Key:req;window=24h;replay_returns_original;409=IDEMPOTENCY_CONFLICT;business_unique_keys_enforced || no_If-Match_by_default;parent_resource_version_checked_only_if_projection_updated || actor_user_id+operator_employee_id+store_id+resource+action+result+trace_id;single_txn;compensating_events_for_external_effects,EMPTY=NOT_APPLICABLE_paired_read_defines_empty;401=SESSION_INVALID_relogin;403=distinct_three_way;503=DEPENDENCY_UNAVAILABLE_manual_retry_reads_only_no_auto_write_replay;OFFLINE=client_no_write_autoreplay;UNKNOWN=trace_id_short_ref;LOADING=client,W6,review.html#review-note;R3A:r030,upsert_idempotent
COV-075,26,review.html,日终复盘,b97238b5c68ab88426ff731e9e576950251234fdedbe260f3b4d209db69323f3,action:review_history,复盘历史,DATA_BLOCK,READ,OP-REVIEW-HISTORY,EXISTING_NEEDS_FACADE,r031,/api/store-manager/daily-review/history,/api/v1/daily-review/history,GET,NONE,data.items:list[object]:req;data.items[].report_date:str:req;data.items[].tomorrow_actions:list[object]:opt;data.items[].tomorrow_actions[].title:str:req,staff_session,session_binding,store_owned_resources,Task+DailyReview+derived,NONE_read,EMPTY=200_items_empty;401=SESSION_INVALID_relogin;403=STORE_UNBOUND|ROLE_FORBIDDEN|RESOURCE_FORBIDDEN_distinct;503=DEPENDENCY_UNAVAILABLE_manual_retry_reads_only_no_auto_write_replay;OFFLINE=client_no_write_autoreplay;UNKNOWN=trace_id_short_ref;LOADING=client,W6,review.html#action:review_history;R3A:r031,limit_30
COV-076,27,content_detail.html,内容详情编辑,c0d9a98835965b4d8d96b3978d4898747de816853d1dc2fec9d1b17af2611d76,detail-view,内容详情块,DATA_BLOCK,READ,OP-CONTENT-DETAIL,PROPOSED_NEW_DOMAIN,NONE,NONE,/api/v1/contents/{content_id},GET,NONE,data.content_id:str:req;data.title:str:req;data.body:str:req;data.version:int:req;data.status:str:req,staff_session,session_binding,store_owned_resources,Content+ContentVersion,NONE_read,EMPTY=NOT_APPLICABLE_404_RESOURCE_NOT_FOUND_for_missing;401=SESSION_INVALID_relogin;403=distinct_three_way;503=DEPENDENCY_UNAVAILABLE_manual_retry_reads_only_no_auto_write_replay;OFFLINE=client_no_write_autoreplay;UNKNOWN=trace_id_short_ref;LOADING=client,W5,content_detail.html#detail-view,NONE
COV-077,27,content_detail.html,内容详情编辑,c0d9a98835965b4d8d96b3978d4898747de816853d1dc2fec9d1b17af2611d76,action:draft_save,草稿保存,FORM_SUBMIT,WRITE,OP-CONTENT-DRAFT-SAVE,PROPOSED_NEW_DOMAIN,NONE,NONE,/api/v1/contents/{content_id}/draft,PUT,title:str:req:body;body:str:req:body;base_version:int:req:body,data.version:int:req,staff_session,session_binding,store_owned_resources,Content+ContentVersion,Idempotency-Key:req;409=DUPLICATE_SUBMISSION_on_key_replay_with_different_payload || If-Match:req+resource_version:req;409=VERSION_CONFLICT;before_after_versions_audited || before_version+after_version+actor_user_id+operator_employee_id+store_id+trace_id,EMPTY=NOT_APPLICABLE_paired_read_defines_empty;401=SESSION_INVALID_relogin;403=distinct_three_way;503=DEPENDENCY_UNAVAILABLE_manual_retry_reads_only_no_auto_write_replay;OFFLINE=client_no_write_autoreplay;UNKNOWN=trace_id_short_ref;LOADING=client,W5,content_detail.html#action:draft_save,409_VERSION_CONFLICT_on_stale_base
COV-078,27,content_detail.html,内容详情编辑,c0d9a98835965b4d8d96b3978d4898747de816853d1dc2fec9d1b17af2611d76,action:submit_review,提交审核,BUTTON,COMMAND,OP-CONTENT-SUBMIT,PROPOSED_NEW_DOMAIN,NONE,NONE,/api/v1/contents/{content_id}/submit,POST,version:int:req:body,data.status:str:req(in_review);data.snapshot_version:int:req,staff_session,session_binding,store_owned_resources,Content+ContentVersion,Idempotency-Key:req;409=DUPLICATE_SUBMISSION_on_key_replay_with_different_payload || If-Match:req+resource_version:req;409=VERSION_CONFLICT;before_after_versions_audited || before_version+after_version+actor_user_id+operator_employee_id+store_id+trace_id,EMPTY=NOT_APPLICABLE_paired_read_defines_empty;401=SESSION_INVALID_relogin;403=distinct_three_way;503=DEPENDENCY_UNAVAILABLE_manual_retry_reads_only_no_auto_write_replay;OFFLINE=client_no_write_autoreplay;UNKNOWN=trace_id_short_ref;LOADING=client,W5,content_detail.html#action:submit_review,same_version_check
COV-079,27,content_detail.html,内容详情编辑,c0d9a98835965b4d8d96b3978d4898747de816853d1dc2fec9d1b17af2611d76,status-tag,状态标签,DATA_BLOCK,READ,OP-CONTENT-DETAIL,PROPOSED_NEW_DOMAIN,NONE,NONE,/api/v1/contents/{content_id},GET,NONE,data.status:str:req,staff_session,session_binding,store_owned_resources,Content+ContentVersion,NONE_read,EMPTY=NOT_APPLICABLE_404_RESOURCE_NOT_FOUND_for_missing;401=SESSION_INVALID_relogin;403=distinct_three_way;503=DEPENDENCY_UNAVAILABLE_manual_retry_reads_only_no_auto_write_replay;OFFLINE=client_no_write_autoreplay;UNKNOWN=trace_id_short_ref;LOADING=client,W5,content_detail.html#status-tag,NONE
COV-080,28,content_data.html,内容使用记录与效果,c127f352e1e2b70595ba25bb87fae31163d90bd14a49b5dc347866b4134654e8,metric-used,使用/回复/预约指标,DATA_BLOCK,READ,OP-CONTENT-USAGE,PROPOSED_NEW_DOMAIN,NONE,NONE,/api/v1/contents/usage-stats,GET,period_days:int:opt:query,data.metrics.used:int:req;data.metrics.replied:int:req;data.metrics.booked:int:req,staff_session,session_binding,store_owned_resources,Content+ContentVersion,NONE_read,EMPTY=200_data_null_or_zero_when_no_data_yet;401=SESSION_INVALID_relogin;403=distinct_three_way;503=DEPENDENCY_UNAVAILABLE_manual_retry_reads_only_no_auto_write_replay;OFFLINE=client_no_write_autoreplay;UNKNOWN=trace_id_short_ref;LOADING=client,W5,content_data.html#metric-used,NONE
COV-081,28,content_data.html,内容使用记录与效果,c127f352e1e2b70595ba25bb87fae31163d90bd14a49b5dc347866b4134654e8,period-7,周期切换,FILTER,READ,OP-CONTENT-USAGE,PROPOSED_NEW_DOMAIN,NONE,NONE,/api/v1/contents/usage-stats,GET,period_days:int:opt:query,NONE,staff_session,session_binding,store_owned_resources,Content+ContentVersion,NONE_read,EMPTY=200_data_null_or_zero_when_no_data_yet;401=SESSION_INVALID_relogin;403=distinct_three_way;503=DEPENDENCY_UNAVAILABLE_manual_retry_reads_only_no_auto_write_replay;OFFLINE=client_no_write_autoreplay;UNKNOWN=trace_id_short_ref;LOADING=client,W5,content_data.html#period-7,NONE
COV-082,28,content_data.html,内容使用记录与效果,c127f352e1e2b70595ba25bb87fae31163d90bd14a49b5dc347866b4134654e8,action:usage_list,使用记录列表,DATA_BLOCK,READ,OP-CONTENT-USAGE,PROPOSED_NEW_DOMAIN,NONE,NONE,/api/v1/contents/usage-stats,GET,NONE,data.usage_items:list[object]:req;data.usage_items[].content_id:str:req;data.usage_items[].used_at:str:req,staff_session,session_binding,store_owned_resources,Content+ContentVersion,NONE_read,EMPTY=200_data_null_or_zero_when_no_data_yet;401=SESSION_INVALID_relogin;403=distinct_three_way;503=DEPENDENCY_UNAVAILABLE_manual_retry_reads_only_no_auto_write_replay;OFFLINE=client_no_write_autoreplay;UNKNOWN=trace_id_short_ref;LOADING=client,W5,content_data.html#action:usage_list,NONE
COV-083,29,private_domain.html,私域工作台,dcf69d9e3841ba40f06d85aa8b5264506a8b9dafc02121132fe0dfaa8560b798,private-summary,私域指标汇总,DATA_BLOCK,READ,OP-PRIVATE-SUMMARY,PROPOSED_NEW_DOMAIN,NONE,NONE,/api/v1/private-domain/summary,GET,NONE,data.used:int:req;data.replied:int:req;data.booked:int:req;data.followup:int:req,staff_session,session_binding,store_owned_resources,ActivationTask,NONE_read,EMPTY=200_data_null_or_zero_when_no_data_yet;401=SESSION_INVALID_relogin;403=distinct_three_way;503=DEPENDENCY_UNAVAILABLE_manual_retry_reads_only_no_auto_write_replay;OFFLINE=client_no_write_autoreplay;UNKNOWN=trace_id_short_ref;LOADING=client,W5,private_domain.html#private-summary,NONE
COV-084,29,private_domain.html,私域工作台,dcf69d9e3841ba40f06d85aa8b5264506a8b9dafc02121132fe0dfaa8560b798,priority-actions,优先跟进清单,DATA_BLOCK,READ,OP-ACTIVATION-LIST,PROPOSED_NEW_DOMAIN,NONE,NONE,/api/v1/activation-tasks,GET,status:str:opt:query,data.items:list[object]:req;data.items[].activation_task_id:str:req;data.items[].customer_display_name:str:req;data.items[].status:str:req,staff_session,session_binding,store_owned_resources,ActivationTask,NONE_read,EMPTY=200_items_empty;401=SESSION_INVALID_relogin;403=STORE_UNBOUND|ROLE_FORBIDDEN|RESOURCE_FORBIDDEN_distinct;503=DEPENDENCY_UNAVAILABLE_manual_retry_reads_only_no_auto_write_replay;OFFLINE=client_no_write_autoreplay;UNKNOWN=trace_id_short_ref;LOADING=client,W5,private_domain.html#priority-actions,NONE
COV-085,29,private_domain.html,私域工作台,dcf69d9e3841ba40f06d85aa8b5264506a8b9dafc02121132fe0dfaa8560b798,action:script_gen,私域话术生成,GENERATE,COMMAND,OP-PRIVATE-SCRIPT,PROPOSED_NEW_FACADE,r013,/api/private/generate,/api/v1/private-domain/scripts,POST,situation:str:req:body,data.answer:str:req;data.tips:list[any]:req,staff_session,session_binding,store_owned_resources,ActivationTask,Idempotency-Key:req;replay_returns_original_generation || no_mechanical_If-Match;source_version_recorded_when_generation_reads_snapshot || generation_audit:source+rule_version+degraded+quality+actor+store+trace_id,EMPTY=NOT_APPLICABLE_paired_read_defines_empty;401=SESSION_INVALID_relogin;403=distinct_three_way;503=DEPENDENCY_UNAVAILABLE_manual_retry_reads_only_no_auto_write_replay;OFFLINE=client_no_write_autoreplay;UNKNOWN=trace_id_short_ref;LOADING=client,W5,private_domain.html#action:script_gen;R3A:r013,template_fallback
COV-086,30,activation_task.html,激活任务,1163a32d8cd3b90decb5ef335f49d9044aabdfd90a1bca2198a7cbc862c46730,activation-summary,激活任务统计,DATA_BLOCK,READ,OP-ACTIVATION-LIST,PROPOSED_NEW_DOMAIN,NONE,NONE,/api/v1/activation-tasks,GET,NONE,data.items:list[object]:req;data.items[].status:str:req,staff_session,session_binding,store_owned_resources,ActivationTask,NONE_read,EMPTY=200_items_empty;401=SESSION_INVALID_relogin;403=STORE_UNBOUND|ROLE_FORBIDDEN|RESOURCE_FORBIDDEN_distinct;503=DEPENDENCY_UNAVAILABLE_manual_retry_reads_only_no_auto_write_replay;OFFLINE=client_no_write_autoreplay;UNKNOWN=trace_id_short_ref;LOADING=client,W5,activation_task.html#activation-summary,counts_client_side_or_summary_op
COV-087,30,activation_task.html,激活任务,1163a32d8cd3b90decb5ef335f49d9044aabdfd90a1bca2198a7cbc862c46730,pending-actions,待跟进顾客清单,DATA_BLOCK,READ,OP-ACTIVATION-LIST,PROPOSED_NEW_DOMAIN,NONE,NONE,/api/v1/activation-tasks,GET,status:str:opt:query(pending),data.items:list[object]:req;data.items[].customer_display_name:str:req;data.items[].reach_channel:str:opt,staff_session,session_binding,store_owned_resources,ActivationTask,NONE_read,EMPTY=200_items_empty;401=SESSION_INVALID_relogin;403=STORE_UNBOUND|ROLE_FORBIDDEN|RESOURCE_FORBIDDEN_distinct;503=DEPENDENCY_UNAVAILABLE_manual_retry_reads_only_no_auto_write_replay;OFFLINE=client_no_write_autoreplay;UNKNOWN=trace_id_short_ref;LOADING=client,W5,activation_task.html#pending-actions,comm_preference_respected
COV-088,30,activation_task.html,激活任务,1163a32d8cd3b90decb5ef335f49d9044aabdfd90a1bca2198a7cbc862c46730,action:result_record,执行结果登记,FORM_SUBMIT,WRITE,OP-ACTIVATION-RESULT,PROPOSED_NEW_DOMAIN,NONE,NONE,/api/v1/activation-tasks/{activation_task_id}/result,POST,result:str:req:body;converted_appointment_id:str:opt:body,data.status:str:req;data.recorded_at:str:req,staff_session,session_binding,store_owned_resources,ActivationTask,Idempotency-Key:req;window=24h;replay_returns_original;409=IDEMPOTENCY_CONFLICT;business_unique_keys_enforced || no_If-Match_by_default;parent_resource_version_checked_only_if_projection_updated || actor_user_id+operator_employee_id+store_id+resource+action+result+trace_id;single_txn;compensating_events_for_external_effects,EMPTY=NOT_APPLICABLE_paired_read_defines_empty;401=SESSION_INVALID_relogin;403=distinct_three_way;503=DEPENDENCY_UNAVAILABLE_manual_retry_reads_only_no_auto_write_replay;OFFLINE=client_no_write_autoreplay;UNKNOWN=trace_id_short_ref;LOADING=client,W5,activation_task.html#action:result_record,attribution
COV-089,30,activation_task.html,激活任务,1163a32d8cd3b90decb5ef335f49d9044aabdfd90a1bca2198a7cbc862c46730,recent-progress,近期进展,DATA_BLOCK,READ,OP-ACTIVATION-LIST,PROPOSED_NEW_DOMAIN,NONE,NONE,/api/v1/activation-tasks,GET,NONE,data.items:list[object]:req;data.items[].last_progress_at:str:opt,staff_session,session_binding,store_owned_resources,ActivationTask,NONE_read,EMPTY=200_items_empty;401=SESSION_INVALID_relogin;403=STORE_UNBOUND|ROLE_FORBIDDEN|RESOURCE_FORBIDDEN_distinct;503=DEPENDENCY_UNAVAILABLE_manual_retry_reads_only_no_auto_write_replay;OFFLINE=client_no_write_autoreplay;UNKNOWN=trace_id_short_ref;LOADING=client,W5,activation_task.html#recent-progress,NONE
COV-090,31,team.html,门店与团队,9fa8e8537b4feae82bf05362127fa9543cde9fbfe9a57787f83b533c68693e03,store-profile,门店资料块,DATA_BLOCK,READ,OP-STORE-PROFILE-GET,PROPOSED_NEW_DOMAIN,NONE,NONE,/api/v1/store/profile,GET,NONE,data.store_name:str:req;data.store_type:str:opt,staff_session,session_binding,store_owned_resources,Store+Employee,NONE_read,EMPTY=200_data_null_or_zero_when_no_data_yet;401=SESSION_INVALID_relogin;403=distinct_three_way;503=DEPENDENCY_UNAVAILABLE_manual_retry_reads_only_no_auto_write_replay;OFFLINE=client_no_write_autoreplay;UNKNOWN=trace_id_short_ref;LOADING=client,W5,team.html#store-profile,NONE
COV-091,31,team.html,门店与团队,9fa8e8537b4feae82bf05362127fa9543cde9fbfe9a57787f83b533c68693e03,team-summary,团队执行汇总,DATA_BLOCK,READ,OP-TEAM-MEMBER-LIST,PROPOSED_NEW_DOMAIN,NONE,NONE,/api/v1/store/members,GET,NONE,data.items:list[object]:req;data.items[].employee_id:str:req;data.items[].display_name:str:req;data.items[].role:str:req,staff_session,session_binding,store_owned_resources,Store+Employee,NONE_read,EMPTY=200_items_empty;401=SESSION_INVALID_relogin;403=STORE_UNBOUND|ROLE_FORBIDDEN|RESOURCE_FORBIDDEN_distinct;503=DEPENDENCY_UNAVAILABLE_manual_retry_reads_only_no_auto_write_replay;OFFLINE=client_no_write_autoreplay;UNKNOWN=trace_id_short_ref;LOADING=client,W5,team.html#team-summary,NONE
COV-092,32,employee_tracking.html,员工执行追踪,18ee47a00621effad9f911a050f9ca28b9a214b6f546a680c3d0cf7239151a11,tracking-summary,员工执行统计,DATA_BLOCK,READ,OP-EMPLOYEE-EXEC-SUMMARY,PROPOSED_ORCHESTRATION,NONE,NONE,/api/v1/analytics/employee-execution,GET,date_from:str:req:query;date_to:str:req:query,data.items:list[object]:req;data.items[].employee_id:str:req;data.items[].completed:int:req,staff_session,session_binding,store_owned_resources,Task+DailyReview+derived,NONE_read,EMPTY=200_items_empty;401=SESSION_INVALID_relogin;403=STORE_UNBOUND|ROLE_FORBIDDEN|RESOURCE_FORBIDDEN_distinct;503=DEPENDENCY_UNAVAILABLE_manual_retry_reads_only_no_auto_write_replay;OFFLINE=client_no_write_autoreplay;UNKNOWN=trace_id_short_ref;LOADING=client,W6,employee_tracking.html#tracking-summary,depends_operator_fields
COV-093,32,employee_tracking.html,员工执行追踪,18ee47a00621effad9f911a050f9ca28b9a214b6f546a680c3d0cf7239151a11,member-tracking-list,按员工任务列表,DATA_BLOCK,READ,OP-EMPLOYEE-EXEC-SUMMARY,PROPOSED_ORCHESTRATION,NONE,NONE,/api/v1/analytics/employee-execution,GET,NONE,data.items[].tasks:list[object]:req;data.items[].tasks[].task_id:str:req;data.items[].tasks[].status:str:req,staff_session,session_binding,store_owned_resources,Task+DailyReview+derived,NONE_read,EMPTY=200_items_empty;401=SESSION_INVALID_relogin;403=STORE_UNBOUND|ROLE_FORBIDDEN|RESOURCE_FORBIDDEN_distinct;503=DEPENDENCY_UNAVAILABLE_manual_retry_reads_only_no_auto_write_replay;OFFLINE=client_no_write_autoreplay;UNKNOWN=trace_id_short_ref;LOADING=client,W6,employee_tracking.html#member-tracking-list,NONE
COV-094,33,security.html,账号与安全,5fbe552e061d6aeb0189ce480345b4a484583d55ba4ad916dac0fe320e474e80,account-summary,账号与角色块,DATA_BLOCK,READ,OP-AUTH-ME,CANDIDATE_CODE_ONLY_SAFE_AFTER_MERGE,r003,/api/auth/me,/api/auth/me,GET,NONE,data.role:str:opt;data.store_id:str:opt;data.bound:bool:req,staff_session,session_binding,store_owned_resources,AppUser+AuthSession+StoreMemberBinding,NONE_read,EMPTY=200_data_null_or_zero_when_no_data_yet;401=SESSION_INVALID_relogin;403=distinct_three_way;503=DEPENDENCY_UNAVAILABLE_manual_retry_reads_only_no_auto_write_replay;OFFLINE=client_no_write_autoreplay;UNKNOWN=trace_id_short_ref;LOADING=client,W3,security.html#account-summary;R3A:r003,CANDIDATE_CODE_ONLY
COV-095,33,security.html,账号与安全,5fbe552e061d6aeb0189ce480345b4a484583d55ba4ad916dac0fe320e474e80,security-access-status,安全/设备状态块,DATA_BLOCK,READ,OP-SECURITY-OVERVIEW,PROPOSED_NEW_DOMAIN,NONE,NONE,/api/v1/security/overview,GET,NONE,data.session_issued_at:str:req;data.devices:list[object]:opt;data.devices[].device_ref:str:req,staff_session,session_binding,store_owned_resources,AppUser+AuthSession+StoreMemberBinding,NONE_read,EMPTY=200_data_null_or_zero_when_no_data_yet;401=SESSION_INVALID_relogin;403=distinct_three_way;503=DEPENDENCY_UNAVAILABLE_manual_retry_reads_only_no_auto_write_replay;OFFLINE=client_no_write_autoreplay;UNKNOWN=trace_id_short_ref;LOADING=client,W5,security.html#security-access-status,devices_pending_per_frozen_ledger
COV-096,33,security.html,账号与安全,5fbe552e061d6aeb0189ce480345b4a484583d55ba4ad916dac0fe320e474e80,action:logout,退出登录,BUTTON,WRITE,OP-AUTH-LOGOUT,CANDIDATE_CODE_ONLY_SAFE_AFTER_MERGE,r002,/api/auth/logout,/api/auth/logout,POST,NONE,data:null:req,staff_session,session_binding,store_owned_resources,AppUser+AuthSession+StoreMemberBinding,no_idempotency_key;repeat_revoke_same_session_returns_success || idempotent_revoke;no_If-Match || session_revoked_event;actor_store_resolved_from_current_session,EMPTY=NOT_APPLICABLE_paired_read_defines_empty;401=SESSION_INVALID_relogin;403=distinct_three_way;503=DEPENDENCY_UNAVAILABLE_manual_retry_reads_only_no_auto_write_replay;OFFLINE=client_no_write_autoreplay;UNKNOWN=trace_id_short_ref;LOADING=client,W3,security.html#action:logout;R3A:r002,NONE
COV-097,34,customer_view_home.html,顾客服务首页,1034571cb428aeb1edf9427ddca9575199420c538c8b9a8723603e39073eaaac,customer-summary,顾客身份/门店块,DATA_BLOCK,READ,OP-CUSTVIEW-HOME,PROPOSED_NEW_DOMAIN,NONE,NONE,/api/v1/customer/home,GET,NONE,data.customer_display_name:str:req;data.store_name:str:req;data.owner_employee_display_name:str:opt,customer,customer_bound_store,own_resources_only,CustomerIdentity+CustomerAuthSession+CustomerStoreAuthorization+ServiceRecord,NONE_read,EMPTY=200_data_null_or_zero_when_no_data_yet;401=SESSION_INVALID_relogin;403=STORE_UNBOUND|ROLE_FORBIDDEN;404=RESOURCE_NOT_FOUND_incl_others_resources_no_existence_leak;503=DEPENDENCY_UNAVAILABLE_manual_retry_reads_only_no_auto_write_replay;OFFLINE=client_no_write_autoreplay;UNKNOWN=trace_id_short_ref;LOADING=client,W7,customer_view_home.html#customer-summary,independent_customer_session
COV-098,34,customer_view_home.html,顾客服务首页,1034571cb428aeb1edf9427ddca9575199420c538c8b9a8723603e39073eaaac,appointment-status,本人预约状态块,DATA_BLOCK,READ,OP-CUSTVIEW-HOME,PROPOSED_NEW_DOMAIN,NONE,NONE,/api/v1/customer/home,GET,NONE,data.next_appointment:object:opt;data.next_appointment.scheduled_date:str:req;data.next_appointment.status:str:req,customer,customer_bound_store,own_resources_only,CustomerIdentity+CustomerAuthSession+CustomerStoreAuthorization+ServiceRecord,NONE_read,EMPTY=200_data_null_or_zero_when_no_data_yet;401=SESSION_INVALID_relogin;403=STORE_UNBOUND|ROLE_FORBIDDEN;404=RESOURCE_NOT_FOUND_incl_others_resources_no_existence_leak;503=DEPENDENCY_UNAVAILABLE_manual_retry_reads_only_no_auto_write_replay;OFFLINE=client_no_write_autoreplay;UNKNOWN=trace_id_short_ref;LOADING=client,W7,customer_view_home.html#appointment-status,own_data_only
COV-099,34,customer_view_home.html,顾客服务首页,1034571cb428aeb1edf9427ddca9575199420c538c8b9a8723603e39073eaaac,action:customer_login,顾客登录,BUTTON,WRITE,OP-CUSTAUTH-LOGIN,PROPOSED_NEW_DOMAIN,NONE,NONE,/api/v1/customer/auth/login,POST,code:str:req:body;signed_store_context_token:str:req:body,data.token:str:req;data.bound_store:bool:req;data.expires_at:str:req,PUBLIC,signed_store_context_token_verified_server_side,NONE_prelogin,CustomerIdentity+CustomerAuthSession+CustomerStoreAuthorization+ServiceRecord,no_idempotency_key;wechat_code_single_use+nonce_short_window_replay_detection || identity_unique_constraints+session_issue_single_txn;no_If-Match || trace_id+identity_fingerprint_hash+result;no_actor_fields_before_login_success,EMPTY=NOT_APPLICABLE;401_403=identity_recovery_flow(bind_or_relogin);503=DEPENDENCY_UNAVAILABLE_manual_retry_reads_only_no_auto_write_replay;OFFLINE=client_no_write_autoreplay;UNKNOWN=trace_id_short_ref;LOADING=client,W7,customer_view_home.html#action:customer_login,PUBLIC_prelogin;server_verifies_signed_store_context_token;issues_independent_CUSTOMER_SESSION;never_staff_session
COV-100,34,customer_view_home.html,顾客服务首页,1034571cb428aeb1edf9427ddca9575199420c538c8b9a8723603e39073eaaac,service-record-entry,服务记录入口,NAVIGATION,UI_ONLY,NONE,NOT_REQUIRED,NONE,NONE,NONE,NONE,NONE,NONE,NONE,NONE,NONE,NONE,NONE_read,NONE,W2,customer_view_home.html#service-record-entry,route_to_page35
COV-101,35,customer_view_service.html,顾客服务记录,c80c679801f2e8e047848a77d305c412e17bfc5859120a00832eb300c0c792bb,record-status,本人服务记录列表,DATA_BLOCK,READ,OP-CUSTVIEW-SERVICE-RECORDS,PROPOSED_NEW_DOMAIN,NONE,NONE,/api/v1/customer/service-records,GET,page_cursor:str:opt:query,data.items:list[object]:req;data.items[].service_record_id:str:req;data.items[].service_item:str:req;data.items[].served_at:str:req;data.next_cursor:str:opt;data.has_more:bool:req,customer,customer_bound_store,own_resources_only,CustomerIdentity+CustomerAuthSession+CustomerStoreAuthorization+ServiceRecord,NONE_read,EMPTY=200_items_empty;401=SESSION_INVALID_relogin;403=STORE_UNBOUND|ROLE_FORBIDDEN;404=RESOURCE_NOT_FOUND_incl_others_resources_no_existence_leak;503=DEPENDENCY_UNAVAILABLE_manual_retry_reads_only_no_auto_write_replay;OFFLINE=client_no_write_autoreplay;UNKNOWN=trace_id_short_ref;LOADING=client,W7,customer_view_service.html#record-status,others_resources_404_no_existence_leak
COV-102,35,customer_view_service.html,顾客服务记录,c80c679801f2e8e047848a77d305c412e17bfc5859120a00832eb300c0c792bb,service-scope,授权范围说明块,DATA_BLOCK,READ,OP-CUSTVIEW-SERVICE-RECORDS,PROPOSED_NEW_DOMAIN,NONE,NONE,/api/v1/customer/service-records,GET,NONE,data.items:list[object]:req,customer,customer_bound_store,own_resources_only,CustomerIdentity+CustomerAuthSession+CustomerStoreAuthorization+ServiceRecord,NONE_read,EMPTY=200_items_empty;401=SESSION_INVALID_relogin;403=STORE_UNBOUND|ROLE_FORBIDDEN;404=RESOURCE_NOT_FOUND_incl_others_resources_no_existence_leak;503=DEPENDENCY_UNAVAILABLE_manual_retry_reads_only_no_auto_write_replay;OFFLINE=client_no_write_autoreplay;UNKNOWN=trace_id_short_ref;LOADING=client,W7,customer_view_service.html#service-scope,scope_text_from_contract_not_hardcoded
